Workbook
Name MG_Alprazolam: 'Med Reference'!$G$57:$J$57
Name MG_Aripiprazole: 'Med Reference'!$G$54:$L$54
Name MG_Bupropion: 'Med Reference'!$G$44:$K$44
Name MG_Buspirone: 'Med Reference'!$G$60:$J$60
Name MG_Carbamazepine: 'Med Reference'!$G$56:$I$56
Name MG_Citalopram: 'Med Reference'!$G$43:$I$43
Name MG_Clonazepam: 'Med Reference'!$G$59:$I$59
Name MG_Diazepam: 'Med Reference'!$G$62:$I$62
Name MG_Divalproex_Valproate: 'Med Reference'!$G$50:$I$50
Name MG_Duloxetine: 'Med Reference'!$G$46:$I$46
Name MG_Escitalopram: 'Med Reference'!$G$42:$I$42
Name MG_Fluoxetine: 'Med Reference'!$G$41:$J$41
Name MG_Hydroxyzine: 'Med Reference'!$G$61:$J$61
Name MG_Lamotrigine: 'Med Reference'!$G$51:$K$51
Name MG_Lithium: 'Med Reference'!$G$49:$J$49
Name MG_Lorazepam: 'Med Reference'!$G$58:$I$58
Name MG_Mirtazapine: 'Med Reference'!$G$47:$J$47
Name MG_Olanzapine: 'Med Reference'!$G$53:$L$53
Name MG_Quetiapine: 'Med Reference'!$G$52:$L$52
Name MG_Risperidone: 'Med Reference'!$G$55:$L$55
Name MG_Sertraline: 'Med Reference'!$G$40:$I$40
Name MG_Trazodone: 'Med Reference'!$G$48:$J$48
Name MG_Venlafaxine: 'Med Reference'!$G$45:$J$45

Sheet Dashboard
B2: Discharge Outcomes | N2: As of | O2: =TODAY() -> 46242
B3: Live from Discharge + Yearly Log · updates automatically each time this file is opened
B6: TOTAL DISCHARGES | D6: MET DISCHARGE PLAN | F6: THIS MONTH | H6: THIS WEEK | J6: DOCS OBTAINED
B8: =SUMPRODUCT((YEAR(Discharge!$T$5:$T$204)=YEAR($O$2))*(Discharge!$T$5:$T$204<>""))+SUMPRODUCT((YEAR('Yearly Log'!$T$5:$T$204)=YEAR($O$2))*('Yearly Log'!$T$5:$T$204<>"")) -> 61 | D8: =IFERROR((SUMPRODUCT((YEAR(Discharge!$T$5:$T$204)=YEAR($O$2))*(Discharge!$U$5:$U$204="✓"))+SUMPRODUCT((YEAR('Yearly Log'!$T$5:$T$204)=YEAR($O$2))*('Yearly Log'!$U$5:$U$204="✓")))/(SUMPRODUCT((YEAR(Discharge!$T$5:$T$204)=YEAR($O$2))*(Discharge!$T$5:$T$204<>""))+SUMPRODUCT((YEAR('Yearly Log'!$T$5:$T$204)=YEAR($O$2))*('Yearly Log'!$T$5:$T$204<>""))),0) -> 0.3442623 | F8: =SUMPRODUCT(((MONTH(Discharge!$T$5:$T$204)=MONTH($O$2))*(YEAR(Discharge!$T$5:$T$204)=YEAR($O$2)))*(Discharge!$T$5:$T$204<>""))+SUMPRODUCT(((MONTH('Yearly Log'!$T$5:$T$204)=MONTH($O$2))*(YEAR('Yearly Log'!$T$5:$T$204)=YEAR($O$2)))*('Yearly Log'!$T$5:$T$204<>"")) -> 0 | H8: =SUMPRODUCT(((Discharge!$T$5:$T$204>=$O$2-WEEKDAY($O$2,2)+1)*(Discharge!$T$5:$T$204<=$O$2-WEEKDAY($O$2,2)+7))*(Discharge!$T$5:$T$204<>""))+SUMPRODUCT((('Yearly Log'!$T$5:$T$204>=$O$2-WEEKDAY($O$2,2)+1)*('Yearly Log'!$T$5:$T$204<=$O$2-WEEKDAY($O$2,2)+7))*('Yearly Log'!$T$5:$T$204<>"")) -> 0 | J8: =AVERAGE(IFERROR((SUMPRODUCT((YEAR(Discharge!$T$5:$T$204)=YEAR($O$2))*(Discharge!$V$5:$V$204="✓"))+SUMPRODUCT((YEAR('Yearly Log'!$T$5:$T$204)=YEAR($O$2))*('Yearly Log'!$V$5:$V$204="✓")))/(SUMPRODUCT((YEAR(Discharge!$T$5:$T$204)=YEAR($O$2))*(Discharge!$T$5:$T$204<>""))+SUMPRODUCT((YEAR('Yearly Log'!$T$5:$T$204)=YEAR($O$2))*('Yearly Log'!$T$5:$T$204<>""))),0),IFERROR((SUMPRODUCT((YEAR(Discharge!$T$5:$T$204)=YEAR($O$2))*(Discharge!$W$5:$W$204="✓"))+SUMPRODUCT((YEAR('Yearly Log'!$T$5:$T$204)=YEAR($O$2))*('Yearly Log'!$W$5:$W$204="✓")))/(SUMPRODUCT((YEAR(Discharge!$T$5:$T$204)=YEAR($O$2))*(Discharge!$T$5:$T$204<>""))+SUMPRODUCT((YEAR('Yearly Log'!$T$5:$T$204)=YEAR($O$2))*('Yearly Log'!$T$5:$T$204<>""))),0),IFERROR((SUMPRODUCT((YEAR(Discharge!$T$5:$T$204)=YEAR($O$2))*(Discharge!$X$5:$X$204="✓"))+SUMPRODUCT((YEAR('Yearly Log'!$T$5:$T$204)=YEAR($O$2))*('Yearly Log'!$X$5:$X$204="✓")))/(SUMPRODUCT((YEAR(Discharge!$T$5:$T$204)=YEAR($O$2))*(Discharge!$T$5:$T$204<>""))+SUMPRODUCT((YEAR('Yearly Log'!$T$5:$T$204)=YEAR($O$2))*('Yearly Log'!$T$5:$T$204<>""))),0),IFERROR((SUMPRODUCT((YEAR(Discharge!$T$5:$T$204)=YEAR($O$2))*(Discharge!$Y$5:$Y$204="✓"))+SUMPRODUCT((YEAR('Yearly Log'!$T$5:$T$204)=YEAR($O$2))*('Yearly Log'!$Y$5:$Y$204="✓")))/(SUMPRODUCT((YEAR(Discharge!$T$5:$T$204)=YEAR($O$2))*(Discharge!$T$5:$T$204<>""))+SUMPRODUCT((YEAR('Yearly Log'!$T$5:$T$204)=YEAR($O$2))*('Yearly Log'!$T$5:$T$204<>""))),0)) -> 0.31557377
B9: YEAR TO DATE | D9: YEAR TO DATE | F9: DISCHARGES | H9: DISCHARGES | J9: AVG. YTD
B12: Referral Source | F12: Documents Obtained · % of discharges (YTD) | J12: Placements · Treatment / Sober Living / Shelter (YTD)
B13: Oceans | C13: =SUMPRODUCT((YEAR(Discharge!$T$5:$T$204)=YEAR($O$2))*(Discharge!$G$5:$G$204="Oceans"))+SUMPRODUCT((YEAR('Yearly Log'!$T$5:$T$204)=YEAR($O$2))*('Yearly Log'!$G$5:$G$204="Oceans")) -> 13 | F13: ID | G13: =IFERROR((SUMPRODUCT((YEAR(Discharge!$T$5:$T$204)=YEAR($O$2))*(Discharge!$V$5:$V$204="✓"))+SUMPRODUCT((YEAR('Yearly Log'!$T$5:$T$204)=YEAR($O$2))*('Yearly Log'!$V$5:$V$204="✓")))/(SUMPRODUCT((YEAR(Discharge!$T$5:$T$204)=YEAR($O$2))*(Discharge!$T$5:$T$204<>""))+SUMPRODUCT((YEAR('Yearly Log'!$T$5:$T$204)=YEAR($O$2))*('Yearly Log'!$T$5:$T$204<>""))),0) -> 0.36065574 | J13: Cenikor | L13: =SUMPRODUCT((YEAR(Discharge!$T$5:$T$204)=YEAR($O$2))*(Discharge!$P$5:$P$204="Cenikor"))+SUMPRODUCT((YEAR('Yearly Log'!$T$5:$T$204)=YEAR($O$2))*('Yearly Log'!$P$5:$P$204="Cenikor")) -> 8
B14: Bayview | C14: =SUMPRODUCT((YEAR(Discharge!$T$5:$T$204)=YEAR($O$2))*(Discharge!$G$5:$G$204="Bayview"))+SUMPRODUCT((YEAR('Yearly Log'!$T$5:$T$204)=YEAR($O$2))*('Yearly Log'!$G$5:$G$204="Bayview")) -> 6 | F14: Bus Pass | G14: =IFERROR((SUMPRODUCT((YEAR(Discharge!$T$5:$T$204)=YEAR($O$2))*(Discharge!$W$5:$W$204="✓"))+SUMPRODUCT((YEAR('Yearly Log'!$T$5:$T$204)=YEAR($O$2))*('Yearly Log'!$W$5:$W$204="✓")))/(SUMPRODUCT((YEAR(Discharge!$T$5:$T$204)=YEAR($O$2))*(Discharge!$T$5:$T$204<>""))+SUMPRODUCT((YEAR('Yearly Log'!$T$5:$T$204)=YEAR($O$2))*('Yearly Log'!$T$5:$T$204<>""))),0) -> 0.27868852 | J14: Lifetime Recovery | L14: =SUMPRODUCT((YEAR(Discharge!$T$5:$T$204)=YEAR($O$2))*(Discharge!$P$5:$P$204="Lifetime Recovery"))+SUMPRODUCT((YEAR('Yearly Log'!$T$5:$T$204)=YEAR($O$2))*('Yearly Log'!$P$5:$P$204="Lifetime Recovery")) -> 3
B15: PubDef | C15: =SUMPRODUCT((YEAR(Discharge!$T$5:$T$204)=YEAR($O$2))*(Discharge!$G$5:$G$204="PubDef"))+SUMPRODUCT((YEAR('Yearly Log'!$T$5:$T$204)=YEAR($O$2))*('Yearly Log'!$G$5:$G$204="PubDef")) -> 5 | F15: Clinic Card | G15: =IFERROR((SUMPRODUCT((YEAR(Discharge!$T$5:$T$204)=YEAR($O$2))*(Discharge!$X$5:$X$204="✓"))+SUMPRODUCT((YEAR('Yearly Log'!$T$5:$T$204)=YEAR($O$2))*('Yearly Log'!$X$5:$X$204="✓")))/(SUMPRODUCT((YEAR(Discharge!$T$5:$T$204)=YEAR($O$2))*(Discharge!$T$5:$T$204<>""))+SUMPRODUCT((YEAR('Yearly Log'!$T$5:$T$204)=YEAR($O$2))*('Yearly Log'!$T$5:$T$204<>""))),0) -> 0.31147541 | J15: Liberty Lodge | L15: =SUMPRODUCT((YEAR(Discharge!$T$5:$T$204)=YEAR($O$2))*(Discharge!$P$5:$P$204="Liberty Lodge"))+SUMPRODUCT((YEAR('Yearly Log'!$T$5:$T$204)=YEAR($O$2))*('Yearly Log'!$P$5:$P$204="Liberty Lodge")) -> 8
B16: MCOT | C16: =SUMPRODUCT((YEAR(Discharge!$T$5:$T$204)=YEAR($O$2))*(Discharge!$G$5:$G$204="MCOT"))+SUMPRODUCT((YEAR('Yearly Log'!$T$5:$T$204)=YEAR($O$2))*('Yearly Log'!$G$5:$G$204="MCOT")) -> 9 | F16: SNAP | G16: =IFERROR((SUMPRODUCT((YEAR(Discharge!$T$5:$T$204)=YEAR($O$2))*(Discharge!$Y$5:$Y$204="✓"))+SUMPRODUCT((YEAR('Yearly Log'!$T$5:$T$204)=YEAR($O$2))*('Yearly Log'!$Y$5:$Y$204="✓")))/(SUMPRODUCT((YEAR(Discharge!$T$5:$T$204)=YEAR($O$2))*(Discharge!$T$5:$T$204<>""))+SUMPRODUCT((YEAR('Yearly Log'!$T$5:$T$204)=YEAR($O$2))*('Yearly Log'!$T$5:$T$204<>""))),0) -> 0.31147541 | J16: Oxford House | L16: =SUMPRODUCT((YEAR(Discharge!$T$5:$T$204)=YEAR($O$2))*(Discharge!$Q$5:$Q$204="Oxford House"))+SUMPRODUCT((YEAR('Yearly Log'!$T$5:$T$204)=YEAR($O$2))*('Yearly Log'!$Q$5:$Q$204="Oxford House")) -> 5
B17: CaseMgr | C17: =SUMPRODUCT((YEAR(Discharge!$T$5:$T$204)=YEAR($O$2))*(Discharge!$G$5:$G$204="CaseMgr"))+SUMPRODUCT((YEAR('Yearly Log'!$T$5:$T$204)=YEAR($O$2))*('Yearly Log'!$G$5:$G$204="CaseMgr")) -> 4 | J17: Wenholtz House | L17: =SUMPRODUCT((YEAR(Discharge!$T$5:$T$204)=YEAR($O$2))*(Discharge!$Q$5:$Q$204="Wenholtz House"))+SUMPRODUCT((YEAR('Yearly Log'!$T$5:$T$204)=YEAR($O$2))*('Yearly Log'!$Q$5:$Q$204="Wenholtz House")) -> 2
B18: OCR | C18: =SUMPRODUCT((YEAR(Discharge!$T$5:$T$204)=YEAR($O$2))*(Discharge!$G$5:$G$204="OCR"))+SUMPRODUCT((YEAR('Yearly Log'!$T$5:$T$204)=YEAR($O$2))*('Yearly Log'!$G$5:$G$204="OCR")) -> 7 | F18: Met Discharge Plan · YTD | J18: Rustic House | L18: =SUMPRODUCT((YEAR(Discharge!$T$5:$T$204)=YEAR($O$2))*(Discharge!$Q$5:$Q$204="Rustic House"))+SUMPRODUCT((YEAR('Yearly Log'!$T$5:$T$204)=YEAR($O$2))*('Yearly Log'!$Q$5:$Q$204="Rustic House")) -> 2
B19: IDD | C19: =SUMPRODUCT((YEAR(Discharge!$T$5:$T$204)=YEAR($O$2))*(Discharge!$G$5:$G$204="IDD"))+SUMPRODUCT((YEAR('Yearly Log'!$T$5:$T$204)=YEAR($O$2))*('Yearly Log'!$G$5:$G$204="IDD")) -> 2 | F19: Met | G19: =SUMPRODUCT((YEAR(Discharge!$T$5:$T$204)=YEAR($O$2))*(Discharge!$U$5:$U$204="✓"))+SUMPRODUCT((YEAR('Yearly Log'!$T$5:$T$204)=YEAR($O$2))*('Yearly Log'!$U$5:$U$204="✓")) -> 21 | J19: Broken Chains | L19: =SUMPRODUCT((YEAR(Discharge!$T$5:$T$204)=YEAR($O$2))*(Discharge!$Q$5:$Q$204="Broken Chains"))+SUMPRODUCT((YEAR('Yearly Log'!$T$5:$T$204)=YEAR($O$2))*('Yearly Log'!$Q$5:$Q$204="Broken Chains")) -> 1
B20: OTHER | C20: =SUMPRODUCT((YEAR(Discharge!$T$5:$T$204)=YEAR($O$2))*(Discharge!$G$5:$G$204="OTHER"))+SUMPRODUCT((YEAR('Yearly Log'!$T$5:$T$204)=YEAR($O$2))*('Yearly Log'!$G$5:$G$204="OTHER")) -> 6 | F20: Not Met | G20: =SUMPRODUCT((YEAR(Discharge!$T$5:$T$204)=YEAR($O$2))*(Discharge!$U$5:$U$204="✗"))+SUMPRODUCT((YEAR('Yearly Log'!$T$5:$T$204)=YEAR($O$2))*('Yearly Log'!$U$5:$U$204="✗")) -> 9 | J20: Good Sam | L20: =SUMPRODUCT((YEAR(Discharge!$T$5:$T$204)=YEAR($O$2))*(Discharge!$O$5:$O$204="Good Sam"))+SUMPRODUCT((YEAR('Yearly Log'!$T$5:$T$204)=YEAR($O$2))*('Yearly Log'!$O$5:$O$204="Good Sam")) -> 15
J21: Salvation Army | L21: =SUMPRODUCT((YEAR(Discharge!$T$5:$T$204)=YEAR($O$2))*(Discharge!$O$5:$O$204="Salvation Army"))+SUMPRODUCT((YEAR('Yearly Log'!$T$5:$T$204)=YEAR($O$2))*('Yearly Log'!$O$5:$O$204="Salvation Army")) -> 13
B23: AVG. LENGTH OF STAY | D23: VS. LAST MONTH
B25: =IFERROR((SUMPRODUCT((YEAR(Discharge!$T$5:$T$204)=YEAR($O$2))*(Discharge!$T$5:$T$204<>"")*(Discharge!$C$5:$C$204<>"")*(Discharge!$T$5:$T$204-Discharge!$C$5:$C$204))+SUMPRODUCT((YEAR('Yearly Log'!$T$5:$T$204)=YEAR($O$2))*('Yearly Log'!$T$5:$T$204<>"")*('Yearly Log'!$C$5:$C$204<>"")*('Yearly Log'!$T$5:$T$204-'Yearly Log'!$C$5:$C$204)))/(SUMPRODUCT((YEAR(Discharge!$T$5:$T$204)=YEAR($O$2))*(Discharge!$T$5:$T$204<>"")*(Discharge!$C$5:$C$204<>""))+SUMPRODUCT((YEAR('Yearly Log'!$T$5:$T$204)=YEAR($O$2))*('Yearly Log'!$T$5:$T$204<>"")*('Yearly Log'!$C$5:$C$204<>""))),0) -> 25.307692 | D25: =IFERROR((SUMPRODUCT(((MONTH(Discharge!$T$5:$T$204)=MONTH($O$2))*(YEAR(Discharge!$T$5:$T$204)=YEAR($O$2)))*(Discharge!$T$5:$T$204<>""))+SUMPRODUCT(((MONTH('Yearly Log'!$T$5:$T$204)=MONTH($O$2))*(YEAR('Yearly Log'!$T$5:$T$204)=YEAR($O$2)))*('Yearly Log'!$T$5:$T$204<>"")))-(SUMPRODUCT(((MONTH(Discharge!$T$5:$T$204)=MONTH(EDATE($O$2,-1)))*(YEAR(Discharge!$T$5:$T$204)=YEAR(EDATE($O$2,-1))))*(Discharge!$T$5:$T$204<>""))+SUMPRODUCT(((MONTH('Yearly Log'!$T$5:$T$204)=MONTH(EDATE($O$2,-1)))*(YEAR('Yearly Log'!$T$5:$T$204)=YEAR(EDATE($O$2,-1))))*('Yearly Log'!$T$5:$T$204<>""))),0) -> -41
B26: DAYS, YTD | D26: CHANGE IN DISCHARGES
B32: Discharges by Month
B33: Month | C33: Discharges
B34: Jan | C34: =SUMPRODUCT(((MONTH(Discharge!$T$5:$T$204)=1)*(YEAR(Discharge!$T$5:$T$204)=YEAR($O$2)))*(Discharge!$T$5:$T$204<>""))+SUMPRODUCT(((MONTH('Yearly Log'!$T$5:$T$204)=1)*(YEAR('Yearly Log'!$T$5:$T$204)=YEAR($O$2)))*('Yearly Log'!$T$5:$T$204<>"")) -> 6
B35: Feb | C35: =SUMPRODUCT(((MONTH(Discharge!$T$5:$T$204)=2)*(YEAR(Discharge!$T$5:$T$204)=YEAR($O$2)))*(Discharge!$T$5:$T$204<>""))+SUMPRODUCT(((MONTH('Yearly Log'!$T$5:$T$204)=2)*(YEAR('Yearly Log'!$T$5:$T$204)=YEAR($O$2)))*('Yearly Log'!$T$5:$T$204<>"")) -> 4
B36: Mar | C36: =SUMPRODUCT(((MONTH(Discharge!$T$5:$T$204)=3)*(YEAR(Discharge!$T$5:$T$204)=YEAR($O$2)))*(Discharge!$T$5:$T$204<>""))+SUMPRODUCT(((MONTH('Yearly Log'!$T$5:$T$204)=3)*(YEAR('Yearly Log'!$T$5:$T$204)=YEAR($O$2)))*('Yearly Log'!$T$5:$T$204<>"")) -> 2
B37: Apr | C37: =SUMPRODUCT(((MONTH(Discharge!$T$5:$T$204)=4)*(YEAR(Discharge!$T$5:$T$204)=YEAR($O$2)))*(Discharge!$T$5:$T$204<>""))+SUMPRODUCT(((MONTH('Yearly Log'!$T$5:$T$204)=4)*(YEAR('Yearly Log'!$T$5:$T$204)=YEAR($O$2)))*('Yearly Log'!$T$5:$T$204<>"")) -> 3
B38: May | C38: =SUMPRODUCT(((MONTH(Discharge!$T$5:$T$204)=5)*(YEAR(Discharge!$T$5:$T$204)=YEAR($O$2)))*(Discharge!$T$5:$T$204<>""))+SUMPRODUCT(((MONTH('Yearly Log'!$T$5:$T$204)=5)*(YEAR('Yearly Log'!$T$5:$T$204)=YEAR($O$2)))*('Yearly Log'!$T$5:$T$204<>"")) -> 3
B39: Jun | C39: =SUMPRODUCT(((MONTH(Discharge!$T$5:$T$204)=6)*(YEAR(Discharge!$T$5:$T$204)=YEAR($O$2)))*(Discharge!$T$5:$T$204<>""))+SUMPRODUCT(((MONTH('Yearly Log'!$T$5:$T$204)=6)*(YEAR('Yearly Log'!$T$5:$T$204)=YEAR($O$2)))*('Yearly Log'!$T$5:$T$204<>"")) -> 2
B40: Jul | C40: =SUMPRODUCT(((MONTH(Discharge!$T$5:$T$204)=7)*(YEAR(Discharge!$T$5:$T$204)=YEAR($O$2)))*(Discharge!$T$5:$T$204<>""))+SUMPRODUCT(((MONTH('Yearly Log'!$T$5:$T$204)=7)*(YEAR('Yearly Log'!$T$5:$T$204)=YEAR($O$2)))*('Yearly Log'!$T$5:$T$204<>"")) -> 41
B41: Aug | C41: =SUMPRODUCT(((MONTH(Discharge!$T$5:$T$204)=8)*(YEAR(Discharge!$T$5:$T$204)=YEAR($O$2)))*(Discharge!$T$5:$T$204<>""))+SUMPRODUCT(((MONTH('Yearly Log'!$T$5:$T$204)=8)*(YEAR('Yearly Log'!$T$5:$T$204)=YEAR($O$2)))*('Yearly Log'!$T$5:$T$204<>"")) -> 0
B42: Sep | C42: =SUMPRODUCT(((MONTH(Discharge!$T$5:$T$204)=9)*(YEAR(Discharge!$T$5:$T$204)=YEAR($O$2)))*(Discharge!$T$5:$T$204<>""))+SUMPRODUCT(((MONTH('Yearly Log'!$T$5:$T$204)=9)*(YEAR('Yearly Log'!$T$5:$T$204)=YEAR($O$2)))*('Yearly Log'!$T$5:$T$204<>"")) -> 0
B43: Oct | C43: =SUMPRODUCT(((MONTH(Discharge!$T$5:$T$204)=10)*(YEAR(Discharge!$T$5:$T$204)=YEAR($O$2)))*(Discharge!$T$5:$T$204<>""))+SUMPRODUCT(((MONTH('Yearly Log'!$T$5:$T$204)=10)*(YEAR('Yearly Log'!$T$5:$T$204)=YEAR($O$2)))*('Yearly Log'!$T$5:$T$204<>"")) -> 0
B44: Nov | C44: =SUMPRODUCT(((MONTH(Discharge!$T$5:$T$204)=11)*(YEAR(Discharge!$T$5:$T$204)=YEAR($O$2)))*(Discharge!$T$5:$T$204<>""))+SUMPRODUCT(((MONTH('Yearly Log'!$T$5:$T$204)=11)*(YEAR('Yearly Log'!$T$5:$T$204)=YEAR($O$2)))*('Yearly Log'!$T$5:$T$204<>"")) -> 0
B45: Dec | C45: =SUMPRODUCT(((MONTH(Discharge!$T$5:$T$204)=12)*(YEAR(Discharge!$T$5:$T$204)=YEAR($O$2)))*(Discharge!$T$5:$T$204<>""))+SUMPRODUCT(((MONTH('Yearly Log'!$T$5:$T$204)=12)*(YEAR('Yearly Log'!$T$5:$T$204)=YEAR($O$2)))*('Yearly Log'!$T$5:$T$204<>"")) -> 0

Sheet Client Needs Tracker
A1: Client Needs Tracker
A2: Select ✓ if the client has it / it's met, ✗ if still needed. Resource highlights follow ID, Substance use, and Employed status. See Medications tab, linked by Member ID.
A4: Member ID | B4: Client name | C4: Admit date | D4: Days admitted | E4: LOC | F4: Case Manager | G4: Referral source | H4: Employed (Y/N) | I4: Substance use | J4: ID | K4: SNAP | L4: Clinic Card | M4: Free Phone | N4: Bus Pass | O4: Shelter | P4: Treatment Center | Q4: Sober Living | R4: Notes | S4: Bed | T4: Discharged | U4: Discharge Date
A5: 102558 | B5: Joe Jackson | C5: 46228 | D5: =IF(C5="","",TODAY()-C5) -> 14 | E5: TBD | F5: TBD | G5: PubDef | H5: Y | I5: ✓ | J5: ✗ | S5: M - 1A
A6: 3520025 | B6: Yusef Jui | C6: 46240 | D6: =IF(C6="","",TODAY()-C6) -> 2 | E6: LOC2 | G6: Bayview | H6: Y | I6: ✓ | J6: ✓ | S6: M - 1B
D7: =IF(C7="","",TODAY()-C7) | S7: M - 2A
D8: =IF(C8="","",TODAY()-C8) | S8: M - 2B
D9: =IF(C9="","",TODAY()-C9) | S9: M - 3A
D10: =IF(C10="","",TODAY()-C10) | S10: M - 3B
D11: =IF(C11="","",TODAY()-C11) | S11: M - 4A
D12: =IF(C12="","",TODAY()-C12) | S12: M - 4B
A13: 102558 | B13: Brenda Homes | C13: 46223 | D13: =IF(C13="","",TODAY()-C13) -> 19 | E13: LOC3 | F13: TBD | G13: Bayview | H13: Y | I13: ✓ | J13: ✓ | S13: F - 1A
A14: 10223 | B14: Lisa Lou | C14: 46231 | D14: =IF(C14="","",TODAY()-C14) -> 11 | S14: F - 1B
A15: 10101010 | B15: Betty Boop | C15: 46237 | D15: =IF(C15="","",TODAY()-C15) -> 5 | S15: F - 2A
A16: 25585 | B16: lololo kkk | C16: 46239 | D16: =IF(C16="","",TODAY()-C16) -> 3 | S16: F - 2B
A17: 588588 | B17: Jessica Simpson | C17: 46238 | D17: =IF(C17="","",TODAY()-C17) -> 4 | S17: F - 3A
A18: 3855 | B18: Manuel Lewis | C18: 46205 | D18: =IF(C18="","",TODAY()-C18) -> 37 | E18: LOC5 | F18: J. Wilkers | G18: PubDef | H18: Y | I18: ✗ | J18: ✓ | S18: F - 3B
D19: =IF(C19="","",TODAY()-C19) | S19: F - 4A
D20: =IF(C20="","",TODAY()-C20) | S20: F - 4B
A23: Needs summary (counts as of last save)
A24: Need | B24: Have it (✓) | C24: Still need (✗)
A25: Substance use | B25: =COUNTIF(I5:I20,"✓") -> 3 | C25: =COUNTIF(I5:I20,"✗") -> 1
A26: ID | B26: =COUNTIF(J5:J20,"✓") -> 3 | C26: =COUNTIF(J5:J20,"✗") -> 1
A27: SNAP | B27: =COUNTIF(K5:K20,"✓") -> 0 | C27: =COUNTIF(K5:K20,"✗") -> 0
A28: Clinic Card | B28: =COUNTIF(L5:L20,"✓") -> 0 | C28: =COUNTIF(L5:L20,"✗") -> 0
A29: Free Phone | B29: =COUNTIF(M5:M20,"✓") -> 0 | C29: =COUNTIF(M5:M20,"✗") -> 0
A30: Bus Pass | B30: =COUNTIF(N5:N20,"✓") -> 0 | C30: =COUNTIF(N5:N20,"✗") -> 0
A32: Treatment Center placements
A33: Cenikor | B33: =COUNTIF(P5:P20,"Cenikor") -> 0
A34: Lifetime Recovery | B34: =COUNTIF(P5:P20,"Lifetime Recovery") -> 0
A35: Liberty Lodge | B35: =COUNTIF(P5:P20,"Liberty Lodge") -> 0
A37: Sober Living placements
A38: Oxford House | B38: =COUNTIF(Q5:Q20,"Oxford House") -> 0
A39: Wenholtz House | B39: =COUNTIF(Q5:Q20,"Wenholtz House") -> 0
A40: Rustic House | B40: =COUNTIF(Q5:Q20,"Rustic House") -> 0
A41: Broken Chains | B41: =COUNTIF(Q5:Q20,"Broken Chains") -> 0
A43: Shelter placements
A44: Good Sam | B44: =COUNTIF(O5:O20,"Good Sam") -> 0
A45: Salvation Army | B45: =COUNTIF(O5:O20,"Salvation Army") -> 0
A49: Discharge Analytics
A50: Program outcomes across all processed discharges — updates automatically
A52: 30 | C52: 11.7 days | E52: 0.7 | G52: 0.73 | I52: 0.63
A55: TOTAL DISCHARGES | C55: AVG LENGTH OF STAY | E55: MET DISCHARGE PLAN | G55: OBTAINED ID | I55: OBTAINED SNAP
A58: Length of Stay by Level of Care | G58: Discharges by Referral Source
A59: LOC | B59: Discharges | C59: Avg LOS | G59: Referral Source | H59: Count | I59: % of Total
A60: LOC1 | B60: 9 | C60: 16.3 | G60: OCR | H60: 5 | I60: 0.17
A61: LOC2 | B61: 7 | C61: 10 | G61: MCOT | H61: 5 | I61: 0.17
A62: LOC3 | B62: 3 | C62: 8.7 | G62: Oceans | H62: 7 | I62: 0.23
A63: LOC4 | B63: 0 | C63: 0 | G63: Bayview | H63: 2 | I63: 0.07
A64: LOC5 | B64: 11 | C64: 9.9 | G64: OTHER | H64: 3 | I64: 0.1
G65: CaseMgr | H65: 2 | I65: 0.07
A67: Resources Obtained at Discharge
A68: Resource | B68: Obtained | C68: Rate
A69: Met Discharge Plan | B69: 21 | C69: 0.7
A70: Obtained ID | B70: 22 | C70: 0.73
A71: Obtained Bus Pass | B71: 17 | C71: 0.57
A72: Obtained Clinic Card | B72: 19 | C72: 0.63
A73: Obtained SNAP | B73: 19 | C73: 0.63

Sheet Sheet1
A2: Discharge Analytics
A3: Program outcomes across all processed discharges — updates automatically
A5: 30 | C5: 11.7 days | E5: 0.7 | G5: 0.73 | I5: 0.63
A8: TOTAL DISCHARGES | C8: AVG LENGTH OF STAY | E8: MET DISCHARGE PLAN | G8: OBTAINED ID | I8: OBTAINED SNAP
A11: Length of Stay by Level of Care | G11: Discharges by Referral Source
A12: LOC | B12: Discharges | C12: Avg LOS | G12: Referral Source | H12: Count | I12: % of Total
A13: LOC1 | B13: 9 | C13: 16.3 | G13: OCR | H13: 5 | I13: 0.17
A14: LOC2 | B14: 7 | C14: 10 | G14: MCOT | H14: 5 | I14: 0.17
A15: LOC3 | B15: 3 | C15: 8.7 | G15: Oceans | H15: 7 | I15: 0.23
A16: LOC4 | B16: 0 | C16: 0 | G16: Bayview | H16: 2 | I16: 0.07
A17: LOC5 | B17: 11 | C17: 9.9 | G17: OTHER | H17: 3 | I17: 0.1
G18: CaseMgr | H18: 2 | I18: 0.07
A20: Resources Obtained at Discharge
A21: Resource | B21: Obtained | C21: Rate
A22: Met Discharge Plan | B22: 21 | C22: 0.7
A23: Obtained ID | B23: 22 | C23: 0.73
A24: Obtained Bus Pass | B24: 17 | C24: 0.57
A25: Obtained Clinic Card | B25: 19 | C25: 0.63
A26: Obtained SNAP | B26: 19 | C26: 0.63

Sheet Client Status Board
A1: Client Status Board
A2: Initials, Bed, Case Manager, and Pharmacy pull automatically. Fill in Doctor, Appointment info, Scripts Status + Submitted Date, and Notes manually. This is the sheet to export/upload to Google Sheets.
A4: Member ID | B4: Client Initials | C4: Bed | D4: Referral source | E4: Case Manager | F4: Appointment Status | G4: Doctor | H4: Appointment Time | I4: Appointment Date | J4: Notes | K4: Pharmacy Status | L4: Pharmacy | M4: Med Times | N4: LOC | O4: Admit Date
A5: ='Client Needs Tracker'!A5 -> 102558 | B5: =IF('Client Needs Tracker'!B5="","",UPPER(LEFT(TRIM('Client Needs Tracker'!B5),1))&"."&UPPER(MID('Client Needs Tracker'!B5,FIND("@",SUBSTITUTE('Client Needs Tracker'!B5," ","@",LEN('Client Needs Tracker'!B5)-LEN(SUBSTITUTE('Client Needs Tracker'!B5," ",""))))+1,1))&".") -> J.J. | C5: =IF('Client Needs Tracker'!S5="","",'Client Needs Tracker'!S5) -> M - 1A | D5: =IF('Client Needs Tracker'!G5="","",'Client Needs Tracker'!G5) -> PubDef | E5: =IF('Client Needs Tracker'!F5="","",'Client Needs Tracker'!F5) -> TBD | F5: Requested/Pending | G5: Unknown | H5: 0.36458333 | I5: 46240 | J5: Needs clothes | K5: Submitted/Pending | L5: Genoa | M5: =IF(IF('Inventory - P01'!H16="","",'Inventory - P01'!H16&" | ")&IF('Inventory - P01'!H17="","",'Inventory - P01'!H17&" | ")&IF('Inventory - P01'!H18="","",'Inventory - P01'!H18&" | ")&IF('Inventory - P01'!H19="","",'Inventory - P01'!H19&" | ")&IF('Inventory - P01'!H20="","",'Inventory - P01'!H20&" | ")&IF('Inventory - P01'!H21="","",'Inventory - P01'!H21&" | ")&IF('Inventory - P01'!H22="","",'Inventory - P01'!H22&" | ")&IF('Inventory - P01'!H23="","",'Inventory - P01'!H23&" | ")&IF('Inventory - P01'!H24="","",'Inventory - P01'!H24&" | ")&IF('Inventory - P01'!H25="","",'Inventory - P01'!H25&" | ")&IF('Inventory - P01'!H26="","",'Inventory - P01'!H26&" | ")&IF('Inventory - P01'!H27="","",'Inventory - P01'!H27&" | ")="","",LEFT(IF('Inventory - P01'!H16="","",'Inventory - P01'!H16&" | ")&IF('Inventory - P01'!H17="","",'Inventory - P01'!H17&" | ")&IF('Inventory - P01'!H18="","",'Inventory - P01'!H18&" | ")&IF('Inventory - P01'!H19="","",'Inventory - P01'!H19&" | ")&IF('Inventory - P01'!H20="","",'Inventory - P01'!H20&" | ")&IF('Inventory - P01'!H21="","",'Inventory - P01'!H21&" | ")&IF('Inventory - P01'!H22="","",'Inventory - P01'!H22&" | ")&IF('Inventory - P01'!H23="","",'Inventory - P01'!H23&" | ")&IF('Inventory - P01'!H24="","",'Inventory - P01'!H24&" | ")&IF('Inventory - P01'!H25="","",'Inventory - P01'!H25&" | ")&IF('Inventory - P01'!H26="","",'Inventory - P01'!H26&" | ")&IF('Inventory - P01'!H27="","",'Inventory - P01'!H27&" | "),LEN(IF('Inventory - P01'!H16="","",'Inventory - P01'!H16&" | ")&IF('Inventory - P01'!H17="","",'Inventory - P01'!H17&" | ")&IF('Inventory - P01'!H18="","",'Inventory - P01'!H18&" | ")&IF('Inventory - P01'!H19="","",'Inventory - P01'!H19&" | ")&IF('Inventory - P01'!H20="","",'Inventory - P01'!H20&" | ")&IF('Inventory - P01'!H21="","",'Inventory - P01'!H21&" | ")&IF('Inventory - P01'!H22="","",'Inventory - P01'!H22&" | ")&IF('Inventory - P01'!H23="","",'Inventory - P01'!H23&" | ")&IF('Inventory - P01'!H24="","",'Inventory - P01'!H24&" | ")&IF('Inventory - P01'!H25="","",'Inventory - P01'!H25&" | ")&IF('Inventory - P01'!H26="","",'Inventory - P01'!H26&" | ")&IF('Inventory - P01'!H27="","",'Inventory - P01'!H27&" | "))-3)) -> 8:00 AM / 12:00 PM / 4:00 PM / 8:00 PM | N5: =IF('Client Needs Tracker'!E5="","",'Client Needs Tracker'!E5) -> TBD | O5: =IF('Client Needs Tracker'!C5="","",'Client Needs Tracker'!C5) -> 46228
A6: ='Client Needs Tracker'!A6 -> 3520025 | B6: =IF('Client Needs Tracker'!B6="","",UPPER(LEFT(TRIM('Client Needs Tracker'!B6),1))&"."&UPPER(MID('Client Needs Tracker'!B6,FIND("@",SUBSTITUTE('Client Needs Tracker'!B6," ","@",LEN('Client Needs Tracker'!B6)-LEN(SUBSTITUTE('Client Needs Tracker'!B6," ",""))))+1,1))&".") -> Y.J. | C6: =IF('Client Needs Tracker'!S6="","",'Client Needs Tracker'!S6) -> M - 1B | D6: =IF('Client Needs Tracker'!G6="","",'Client Needs Tracker'!G6) -> Bayview | E6: =IF('Client Needs Tracker'!F6="","",'Client Needs Tracker'!F6) | F6: Scheduled | G6: Destiny | H6: 0.38541667 | I6: 46244 | K6: Picked Up | L6: HEB | M6: =IF(IF('Inventory - P02'!H16="","",'Inventory - P02'!H16&" | ")&IF('Inventory - P02'!H17="","",'Inventory - P02'!H17&" | ")&IF('Inventory - P02'!H18="","",'Inventory - P02'!H18&" | ")&IF('Inventory - P02'!H19="","",'Inventory - P02'!H19&" | ")&IF('Inventory - P02'!H20="","",'Inventory - P02'!H20&" | ")&IF('Inventory - P02'!H21="","",'Inventory - P02'!H21&" | ")&IF('Inventory - P02'!H22="","",'Inventory - P02'!H22&" | ")&IF('Inventory - P02'!H23="","",'Inventory - P02'!H23&" | ")&IF('Inventory - P02'!H24="","",'Inventory - P02'!H24&" | ")&IF('Inventory - P02'!H25="","",'Inventory - P02'!H25&" | ")&IF('Inventory - P02'!H26="","",'Inventory - P02'!H26&" | ")&IF('Inventory - P02'!H27="","",'Inventory - P02'!H27&" | ")="","",LEFT(IF('Inventory - P02'!H16="","",'Inventory - P02'!H16&" | ")&IF('Inventory - P02'!H17="","",'Inventory - P02'!H17&" | ")&IF('Inventory - P02'!H18="","",'Inventory - P02'!H18&" | ")&IF('Inventory - P02'!H19="","",'Inventory - P02'!H19&" | ")&IF('Inventory - P02'!H20="","",'Inventory - P02'!H20&" | ")&IF('Inventory - P02'!H21="","",'Inventory - P02'!H21&" | ")&IF('Inventory - P02'!H22="","",'Inventory - P02'!H22&" | ")&IF('Inventory - P02'!H23="","",'Inventory - P02'!H23&" | ")&IF('Inventory - P02'!H24="","",'Inventory - P02'!H24&" | ")&IF('Inventory - P02'!H25="","",'Inventory - P02'!H25&" | ")&IF('Inventory - P02'!H26="","",'Inventory - P02'!H26&" | ")&IF('Inventory - P02'!H27="","",'Inventory - P02'!H27&" | "),LEN(IF('Inventory - P02'!H16="","",'Inventory - P02'!H16&" | ")&IF('Inventory - P02'!H17="","",'Inventory - P02'!H17&" | ")&IF('Inventory - P02'!H18="","",'Inventory - P02'!H18&" | ")&IF('Inventory - P02'!H19="","",'Inventory - P02'!H19&" | ")&IF('Inventory - P02'!H20="","",'Inventory - P02'!H20&" | ")&IF('Inventory - P02'!H21="","",'Inventory - P02'!H21&" | ")&IF('Inventory - P02'!H22="","",'Inventory - P02'!H22&" | ")&IF('Inventory - P02'!H23="","",'Inventory - P02'!H23&" | ")&IF('Inventory - P02'!H24="","",'Inventory - P02'!H24&" | ")&IF('Inventory - P02'!H25="","",'Inventory - P02'!H25&" | ")&IF('Inventory - P02'!H26="","",'Inventory - P02'!H26&" | ")&IF('Inventory - P02'!H27="","",'Inventory - P02'!H27&" | "))-3)) -> 8:00 AM / 8:00 PM | N6: =IF('Client Needs Tracker'!E6="","",'Client Needs Tracker'!E6) -> LOC2 | O6: =IF('Client Needs Tracker'!C6="","",'Client Needs Tracker'!C6) -> 46240
A7: ='Client Needs Tracker'!A7 -> 0 | B7: =IF('Client Needs Tracker'!B7="","",UPPER(LEFT(TRIM('Client Needs Tracker'!B7),1))&"."&UPPER(MID('Client Needs Tracker'!B7,FIND("@",SUBSTITUTE('Client Needs Tracker'!B7," ","@",LEN('Client Needs Tracker'!B7)-LEN(SUBSTITUTE('Client Needs Tracker'!B7," ",""))))+1,1))&".") | C7: =IF('Client Needs Tracker'!S7="","",'Client Needs Tracker'!S7) -> M - 2A | D7: =IF('Client Needs Tracker'!G7="","",'Client Needs Tracker'!G7) | E7: =IF('Client Needs Tracker'!F7="","",'Client Needs Tracker'!F7) | M7: =IF(IF('Inventory - P03'!H16="","",'Inventory - P03'!H16&" | ")&IF('Inventory - P03'!H17="","",'Inventory - P03'!H17&" | ")&IF('Inventory - P03'!H18="","",'Inventory - P03'!H18&" | ")&IF('Inventory - P03'!H19="","",'Inventory - P03'!H19&" | ")&IF('Inventory - P03'!H20="","",'Inventory - P03'!H20&" | ")&IF('Inventory - P03'!H21="","",'Inventory - P03'!H21&" | ")&IF('Inventory - P03'!H22="","",'Inventory - P03'!H22&" | ")&IF('Inventory - P03'!H23="","",'Inventory - P03'!H23&" | ")&IF('Inventory - P03'!H24="","",'Inventory - P03'!H24&" | ")&IF('Inventory - P03'!H25="","",'Inventory - P03'!H25&" | ")&IF('Inventory - P03'!H26="","",'Inventory - P03'!H26&" | ")&IF('Inventory - P03'!H27="","",'Inventory - P03'!H27&" | ")="","",LEFT(IF('Inventory - P03'!H16="","",'Inventory - P03'!H16&" | ")&IF('Inventory - P03'!H17="","",'Inventory - P03'!H17&" | ")&IF('Inventory - P03'!H18="","",'Inventory - P03'!H18&" | ")&IF('Inventory - P03'!H19="","",'Inventory - P03'!H19&" | ")&IF('Inventory - P03'!H20="","",'Inventory - P03'!H20&" | ")&IF('Inventory - P03'!H21="","",'Inventory - P03'!H21&" | ")&IF('Inventory - P03'!H22="","",'Inventory - P03'!H22&" | ")&IF('Inventory - P03'!H23="","",'Inventory - P03'!H23&" | ")&IF('Inventory - P03'!H24="","",'Inventory - P03'!H24&" | ")&IF('Inventory - P03'!H25="","",'Inventory - P03'!H25&" | ")&IF('Inventory - P03'!H26="","",'Inventory - P03'!H26&" | ")&IF('Inventory - P03'!H27="","",'Inventory - P03'!H27&" | "),LEN(IF('Inventory - P03'!H16="","",'Inventory - P03'!H16&" | ")&IF('Inventory - P03'!H17="","",'Inventory - P03'!H17&" | ")&IF('Inventory - P03'!H18="","",'Inventory - P03'!H18&" | ")&IF('Inventory - P03'!H19="","",'Inventory - P03'!H19&" | ")&IF('Inventory - P03'!H20="","",'Inventory - P03'!H20&" | ")&IF('Inventory - P03'!H21="","",'Inventory - P03'!H21&" | ")&IF('Inventory - P03'!H22="","",'Inventory - P03'!H22&" | ")&IF('Inventory - P03'!H23="","",'Inventory - P03'!H23&" | ")&IF('Inventory - P03'!H24="","",'Inventory - P03'!H24&" | ")&IF('Inventory - P03'!H25="","",'Inventory - P03'!H25&" | ")&IF('Inventory - P03'!H26="","",'Inventory - P03'!H26&" | ")&IF('Inventory - P03'!H27="","",'Inventory - P03'!H27&" | "))-3)) | N7: =IF('Client Needs Tracker'!E7="","",'Client Needs Tracker'!E7) | O7: =IF('Client Needs Tracker'!C7="","",'Client Needs Tracker'!C7)
A8: ='Client Needs Tracker'!A8 -> 0 | B8: =IF('Client Needs Tracker'!B8="","",UPPER(LEFT(TRIM('Client Needs Tracker'!B8),1))&"."&UPPER(MID('Client Needs Tracker'!B8,FIND("@",SUBSTITUTE('Client Needs Tracker'!B8," ","@",LEN('Client Needs Tracker'!B8)-LEN(SUBSTITUTE('Client Needs Tracker'!B8," ",""))))+1,1))&".") | C8: =IF('Client Needs Tracker'!S8="","",'Client Needs Tracker'!S8) -> M - 2B | D8: =IF('Client Needs Tracker'!G8="","",'Client Needs Tracker'!G8) | E8: =IF('Client Needs Tracker'!F8="","",'Client Needs Tracker'!F8) | F8: Scheduled | K8: Submitted/Pending | M8: =IF(IF('Inventory - P04'!H16="","",'Inventory - P04'!H16&" | ")&IF('Inventory - P04'!H17="","",'Inventory - P04'!H17&" | ")&IF('Inventory - P04'!H18="","",'Inventory - P04'!H18&" | ")&IF('Inventory - P04'!H19="","",'Inventory - P04'!H19&" | ")&IF('Inventory - P04'!H20="","",'Inventory - P04'!H20&" | ")&IF('Inventory - P04'!H21="","",'Inventory - P04'!H21&" | ")&IF('Inventory - P04'!H22="","",'Inventory - P04'!H22&" | ")&IF('Inventory - P04'!H23="","",'Inventory - P04'!H23&" | ")&IF('Inventory - P04'!H24="","",'Inventory - P04'!H24&" | ")&IF('Inventory - P04'!H25="","",'Inventory - P04'!H25&" | ")&IF('Inventory - P04'!H26="","",'Inventory - P04'!H26&" | ")&IF('Inventory - P04'!H27="","",'Inventory - P04'!H27&" | ")="","",LEFT(IF('Inventory - P04'!H16="","",'Inventory - P04'!H16&" | ")&IF('Inventory - P04'!H17="","",'Inventory - P04'!H17&" | ")&IF('Inventory - P04'!H18="","",'Inventory - P04'!H18&" | ")&IF('Inventory - P04'!H19="","",'Inventory - P04'!H19&" | ")&IF('Inventory - P04'!H20="","",'Inventory - P04'!H20&" | ")&IF('Inventory - P04'!H21="","",'Inventory - P04'!H21&" | ")&IF('Inventory - P04'!H22="","",'Inventory - P04'!H22&" | ")&IF('Inventory - P04'!H23="","",'Inventory - P04'!H23&" | ")&IF('Inventory - P04'!H24="","",'Inventory - P04'!H24&" | ")&IF('Inventory - P04'!H25="","",'Inventory - P04'!H25&" | ")&IF('Inventory - P04'!H26="","",'Inventory - P04'!H26&" | ")&IF('Inventory - P04'!H27="","",'Inventory - P04'!H27&" | "),LEN(IF('Inventory - P04'!H16="","",'Inventory - P04'!H16&" | ")&IF('Inventory - P04'!H17="","",'Inventory - P04'!H17&" | ")&IF('Inventory - P04'!H18="","",'Inventory - P04'!H18&" | ")&IF('Inventory - P04'!H19="","",'Inventory - P04'!H19&" | ")&IF('Inventory - P04'!H20="","",'Inventory - P04'!H20&" | ")&IF('Inventory - P04'!H21="","",'Inventory - P04'!H21&" | ")&IF('Inventory - P04'!H22="","",'Inventory - P04'!H22&" | ")&IF('Inventory - P04'!H23="","",'Inventory - P04'!H23&" | ")&IF('Inventory - P04'!H24="","",'Inventory - P04'!H24&" | ")&IF('Inventory - P04'!H25="","",'Inventory - P04'!H25&" | ")&IF('Inventory - P04'!H26="","",'Inventory - P04'!H26&" | ")&IF('Inventory - P04'!H27="","",'Inventory - P04'!H27&" | "))-3)) | N8: =IF('Client Needs Tracker'!E8="","",'Client Needs Tracker'!E8) | O8: =IF('Client Needs Tracker'!C8="","",'Client Needs Tracker'!C8)
A9: ='Client Needs Tracker'!A9 -> 0 | B9: =IF('Client Needs Tracker'!B9="","",UPPER(LEFT(TRIM('Client Needs Tracker'!B9),1))&"."&UPPER(MID('Client Needs Tracker'!B9,FIND("@",SUBSTITUTE('Client Needs Tracker'!B9," ","@",LEN('Client Needs Tracker'!B9)-LEN(SUBSTITUTE('Client Needs Tracker'!B9," ",""))))+1,1))&".") | C9: =IF('Client Needs Tracker'!S9="","",'Client Needs Tracker'!S9) -> M - 3A | D9: =IF('Client Needs Tracker'!G9="","",'Client Needs Tracker'!G9) | E9: =IF('Client Needs Tracker'!F9="","",'Client Needs Tracker'!F9) | F9: Scheduled | K9: Submitted/Pending | M9: =IF(IF('Inventory - P05'!H16="","",'Inventory - P05'!H16&" | ")&IF('Inventory - P05'!H17="","",'Inventory - P05'!H17&" | ")&IF('Inventory - P05'!H18="","",'Inventory - P05'!H18&" | ")&IF('Inventory - P05'!H19="","",'Inventory - P05'!H19&" | ")&IF('Inventory - P05'!H20="","",'Inventory - P05'!H20&" | ")&IF('Inventory - P05'!H21="","",'Inventory - P05'!H21&" | ")&IF('Inventory - P05'!H22="","",'Inventory - P05'!H22&" | ")&IF('Inventory - P05'!H23="","",'Inventory - P05'!H23&" | ")&IF('Inventory - P05'!H24="","",'Inventory - P05'!H24&" | ")&IF('Inventory - P05'!H25="","",'Inventory - P05'!H25&" | ")&IF('Inventory - P05'!H26="","",'Inventory - P05'!H26&" | ")&IF('Inventory - P05'!H27="","",'Inventory - P05'!H27&" | ")="","",LEFT(IF('Inventory - P05'!H16="","",'Inventory - P05'!H16&" | ")&IF('Inventory - P05'!H17="","",'Inventory - P05'!H17&" | ")&IF('Inventory - P05'!H18="","",'Inventory - P05'!H18&" | ")&IF('Inventory - P05'!H19="","",'Inventory - P05'!H19&" | ")&IF('Inventory - P05'!H20="","",'Inventory - P05'!H20&" | ")&IF('Inventory - P05'!H21="","",'Inventory - P05'!H21&" | ")&IF('Inventory - P05'!H22="","",'Inventory - P05'!H22&" | ")&IF('Inventory - P05'!H23="","",'Inventory - P05'!H23&" | ")&IF('Inventory - P05'!H24="","",'Inventory - P05'!H24&" | ")&IF('Inventory - P05'!H25="","",'Inventory - P05'!H25&" | ")&IF('Inventory - P05'!H26="","",'Inventory - P05'!H26&" | ")&IF('Inventory - P05'!H27="","",'Inventory - P05'!H27&" | "),LEN(IF('Inventory - P05'!H16="","",'Inventory - P05'!H16&" | ")&IF('Inventory - P05'!H17="","",'Inventory - P05'!H17&" | ")&IF('Inventory - P05'!H18="","",'Inventory - P05'!H18&" | ")&IF('Inventory - P05'!H19="","",'Inventory - P05'!H19&" | ")&IF('Inventory - P05'!H20="","",'Inventory - P05'!H20&" | ")&IF('Inventory - P05'!H21="","",'Inventory - P05'!H21&" | ")&IF('Inventory - P05'!H22="","",'Inventory - P05'!H22&" | ")&IF('Inventory - P05'!H23="","",'Inventory - P05'!H23&" | ")&IF('Inventory - P05'!H24="","",'Inventory - P05'!H24&" | ")&IF('Inventory - P05'!H25="","",'Inventory - P05'!H25&" | ")&IF('Inventory - P05'!H26="","",'Inventory - P05'!H26&" | ")&IF('Inventory - P05'!H27="","",'Inventory - P05'!H27&" | "))-3)) | N9: =IF('Client Needs Tracker'!E9="","",'Client Needs Tracker'!E9) | O9: =IF('Client Needs Tracker'!C9="","",'Client Needs Tracker'!C9)
A10: ='Client Needs Tracker'!A10 -> 0 | B10: =IF('Client Needs Tracker'!B10="","",UPPER(LEFT(TRIM('Client Needs Tracker'!B10),1))&"."&UPPER(MID('Client Needs Tracker'!B10,FIND("@",SUBSTITUTE('Client Needs Tracker'!B10," ","@",LEN('Client Needs Tracker'!B10)-LEN(SUBSTITUTE('Client Needs Tracker'!B10," ",""))))+1,1))&".") | C10: =IF('Client Needs Tracker'!S10="","",'Client Needs Tracker'!S10) -> M - 3B | D10: =IF('Client Needs Tracker'!G10="","",'Client Needs Tracker'!G10) | E10: =IF('Client Needs Tracker'!F10="","",'Client Needs Tracker'!F10) | F10: Scheduled | K10: Submitted/Pending | M10: =IF(IF('Inventory - P06'!H16="","",'Inventory - P06'!H16&" | ")&IF('Inventory - P06'!H17="","",'Inventory - P06'!H17&" | ")&IF('Inventory - P06'!H18="","",'Inventory - P06'!H18&" | ")&IF('Inventory - P06'!H19="","",'Inventory - P06'!H19&" | ")&IF('Inventory - P06'!H20="","",'Inventory - P06'!H20&" | ")&IF('Inventory - P06'!H21="","",'Inventory - P06'!H21&" | ")&IF('Inventory - P06'!H22="","",'Inventory - P06'!H22&" | ")&IF('Inventory - P06'!H23="","",'Inventory - P06'!H23&" | ")&IF('Inventory - P06'!H24="","",'Inventory - P06'!H24&" | ")&IF('Inventory - P06'!H25="","",'Inventory - P06'!H25&" | ")&IF('Inventory - P06'!H26="","",'Inventory - P06'!H26&" | ")&IF('Inventory - P06'!H27="","",'Inventory - P06'!H27&" | ")="","",LEFT(IF('Inventory - P06'!H16="","",'Inventory - P06'!H16&" | ")&IF('Inventory - P06'!H17="","",'Inventory - P06'!H17&" | ")&IF('Inventory - P06'!H18="","",'Inventory - P06'!H18&" | ")&IF('Inventory - P06'!H19="","",'Inventory - P06'!H19&" | ")&IF('Inventory - P06'!H20="","",'Inventory - P06'!H20&" | ")&IF('Inventory - P06'!H21="","",'Inventory - P06'!H21&" | ")&IF('Inventory - P06'!H22="","",'Inventory - P06'!H22&" | ")&IF('Inventory - P06'!H23="","",'Inventory - P06'!H23&" | ")&IF('Inventory - P06'!H24="","",'Inventory - P06'!H24&" | ")&IF('Inventory - P06'!H25="","",'Inventory - P06'!H25&" | ")&IF('Inventory - P06'!H26="","",'Inventory - P06'!H26&" | ")&IF('Inventory - P06'!H27="","",'Inventory - P06'!H27&" | "),LEN(IF('Inventory - P06'!H16="","",'Inventory - P06'!H16&" | ")&IF('Inventory - P06'!H17="","",'Inventory - P06'!H17&" | ")&IF('Inventory - P06'!H18="","",'Inventory - P06'!H18&" | ")&IF('Inventory - P06'!H19="","",'Inventory - P06'!H19&" | ")&IF('Inventory - P06'!H20="","",'Inventory - P06'!H20&" | ")&IF('Inventory - P06'!H21="","",'Inventory - P06'!H21&" | ")&IF('Inventory - P06'!H22="","",'Inventory - P06'!H22&" | ")&IF('Inventory - P06'!H23="","",'Inventory - P06'!H23&" | ")&IF('Inventory - P06'!H24="","",'Inventory - P06'!H24&" | ")&IF('Inventory - P06'!H25="","",'Inventory - P06'!H25&" | ")&IF('Inventory - P06'!H26="","",'Inventory - P06'!H26&" | ")&IF('Inventory - P06'!H27="","",'Inventory - P06'!H27&" | "))-3)) | N10: =IF('Client Needs Tracker'!E10="","",'Client Needs Tracker'!E10) | O10: =IF('Client Needs Tracker'!C10="","",'Client Needs Tracker'!C10)
A11: ='Client Needs Tracker'!A11 -> 0 | B11: =IF('Client Needs Tracker'!B11="","",UPPER(LEFT(TRIM('Client Needs Tracker'!B11),1))&"."&UPPER(MID('Client Needs Tracker'!B11,FIND("@",SUBSTITUTE('Client Needs Tracker'!B11," ","@",LEN('Client Needs Tracker'!B11)-LEN(SUBSTITUTE('Client Needs Tracker'!B11," ",""))))+1,1))&".") | C11: =IF('Client Needs Tracker'!S11="","",'Client Needs Tracker'!S11) -> M - 4A | D11: =IF('Client Needs Tracker'!G11="","",'Client Needs Tracker'!G11) | E11: =IF('Client Needs Tracker'!F11="","",'Client Needs Tracker'!F11) | F11: Scheduled | K11: Submitted/Pending | M11: =IF(IF('Inventory - P07'!H16="","",'Inventory - P07'!H16&" | ")&IF('Inventory - P07'!H17="","",'Inventory - P07'!H17&" | ")&IF('Inventory - P07'!H18="","",'Inventory - P07'!H18&" | ")&IF('Inventory - P07'!H19="","",'Inventory - P07'!H19&" | ")&IF('Inventory - P07'!H20="","",'Inventory - P07'!H20&" | ")&IF('Inventory - P07'!H21="","",'Inventory - P07'!H21&" | ")&IF('Inventory - P07'!H22="","",'Inventory - P07'!H22&" | ")&IF('Inventory - P07'!H23="","",'Inventory - P07'!H23&" | ")&IF('Inventory - P07'!H24="","",'Inventory - P07'!H24&" | ")&IF('Inventory - P07'!H25="","",'Inventory - P07'!H25&" | ")&IF('Inventory - P07'!H26="","",'Inventory - P07'!H26&" | ")&IF('Inventory - P07'!H27="","",'Inventory - P07'!H27&" | ")="","",LEFT(IF('Inventory - P07'!H16="","",'Inventory - P07'!H16&" | ")&IF('Inventory - P07'!H17="","",'Inventory - P07'!H17&" | ")&IF('Inventory - P07'!H18="","",'Inventory - P07'!H18&" | ")&IF('Inventory - P07'!H19="","",'Inventory - P07'!H19&" | ")&IF('Inventory - P07'!H20="","",'Inventory - P07'!H20&" | ")&IF('Inventory - P07'!H21="","",'Inventory - P07'!H21&" | ")&IF('Inventory - P07'!H22="","",'Inventory - P07'!H22&" | ")&IF('Inventory - P07'!H23="","",'Inventory - P07'!H23&" | ")&IF('Inventory - P07'!H24="","",'Inventory - P07'!H24&" | ")&IF('Inventory - P07'!H25="","",'Inventory - P07'!H25&" | ")&IF('Inventory - P07'!H26="","",'Inventory - P07'!H26&" | ")&IF('Inventory - P07'!H27="","",'Inventory - P07'!H27&" | "),LEN(IF('Inventory - P07'!H16="","",'Inventory - P07'!H16&" | ")&IF('Inventory - P07'!H17="","",'Inventory - P07'!H17&" | ")&IF('Inventory - P07'!H18="","",'Inventory - P07'!H18&" | ")&IF('Inventory - P07'!H19="","",'Inventory - P07'!H19&" | ")&IF('Inventory - P07'!H20="","",'Inventory - P07'!H20&" | ")&IF('Inventory - P07'!H21="","",'Inventory - P07'!H21&" | ")&IF('Inventory - P07'!H22="","",'Inventory - P07'!H22&" | ")&IF('Inventory - P07'!H23="","",'Inventory - P07'!H23&" | ")&IF('Inventory - P07'!H24="","",'Inventory - P07'!H24&" | ")&IF('Inventory - P07'!H25="","",'Inventory - P07'!H25&" | ")&IF('Inventory - P07'!H26="","",'Inventory - P07'!H26&" | ")&IF('Inventory - P07'!H27="","",'Inventory - P07'!H27&" | "))-3)) | N11: =IF('Client Needs Tracker'!E11="","",'Client Needs Tracker'!E11) | O11: =IF('Client Needs Tracker'!C11="","",'Client Needs Tracker'!C11)
A12: ='Client Needs Tracker'!A12 -> 0 | B12: =IF('Client Needs Tracker'!B12="","",UPPER(LEFT(TRIM('Client Needs Tracker'!B12),1))&"."&UPPER(MID('Client Needs Tracker'!B12,FIND("@",SUBSTITUTE('Client Needs Tracker'!B12," ","@",LEN('Client Needs Tracker'!B12)-LEN(SUBSTITUTE('Client Needs Tracker'!B12," ",""))))+1,1))&".") | C12: =IF('Client Needs Tracker'!S12="","",'Client Needs Tracker'!S12) -> M - 4B | D12: =IF('Client Needs Tracker'!G12="","",'Client Needs Tracker'!G12) | E12: =IF('Client Needs Tracker'!F12="","",'Client Needs Tracker'!F12) | F12: Scheduled | K12: Submitted/Pending | M12: =IF(IF('Inventory - P08'!H16="","",'Inventory - P08'!H16&" | ")&IF('Inventory - P08'!H17="","",'Inventory - P08'!H17&" | ")&IF('Inventory - P08'!H18="","",'Inventory - P08'!H18&" | ")&IF('Inventory - P08'!H19="","",'Inventory - P08'!H19&" | ")&IF('Inventory - P08'!H20="","",'Inventory - P08'!H20&" | ")&IF('Inventory - P08'!H21="","",'Inventory - P08'!H21&" | ")&IF('Inventory - P08'!H22="","",'Inventory - P08'!H22&" | ")&IF('Inventory - P08'!H23="","",'Inventory - P08'!H23&" | ")&IF('Inventory - P08'!H24="","",'Inventory - P08'!H24&" | ")&IF('Inventory - P08'!H25="","",'Inventory - P08'!H25&" | ")&IF('Inventory - P08'!H26="","",'Inventory - P08'!H26&" | ")&IF('Inventory - P08'!H27="","",'Inventory - P08'!H27&" | ")="","",LEFT(IF('Inventory - P08'!H16="","",'Inventory - P08'!H16&" | ")&IF('Inventory - P08'!H17="","",'Inventory - P08'!H17&" | ")&IF('Inventory - P08'!H18="","",'Inventory - P08'!H18&" | ")&IF('Inventory - P08'!H19="","",'Inventory - P08'!H19&" | ")&IF('Inventory - P08'!H20="","",'Inventory - P08'!H20&" | ")&IF('Inventory - P08'!H21="","",'Inventory - P08'!H21&" | ")&IF('Inventory - P08'!H22="","",'Inventory - P08'!H22&" | ")&IF('Inventory - P08'!H23="","",'Inventory - P08'!H23&" | ")&IF('Inventory - P08'!H24="","",'Inventory - P08'!H24&" | ")&IF('Inventory - P08'!H25="","",'Inventory - P08'!H25&" | ")&IF('Inventory - P08'!H26="","",'Inventory - P08'!H26&" | ")&IF('Inventory - P08'!H27="","",'Inventory - P08'!H27&" | "),LEN(IF('Inventory - P08'!H16="","",'Inventory - P08'!H16&" | ")&IF('Inventory - P08'!H17="","",'Inventory - P08'!H17&" | ")&IF('Inventory - P08'!H18="","",'Inventory - P08'!H18&" | ")&IF('Inventory - P08'!H19="","",'Inventory - P08'!H19&" | ")&IF('Inventory - P08'!H20="","",'Inventory - P08'!H20&" | ")&IF('Inventory - P08'!H21="","",'Inventory - P08'!H21&" | ")&IF('Inventory - P08'!H22="","",'Inventory - P08'!H22&" | ")&IF('Inventory - P08'!H23="","",'Inventory - P08'!H23&" | ")&IF('Inventory - P08'!H24="","",'Inventory - P08'!H24&" | ")&IF('Inventory - P08'!H25="","",'Inventory - P08'!H25&" | ")&IF('Inventory - P08'!H26="","",'Inventory - P08'!H26&" | ")&IF('Inventory - P08'!H27="","",'Inventory - P08'!H27&" | "))-3)) | N12: =IF('Client Needs Tracker'!E12="","",'Client Needs Tracker'!E12) | O12: =IF('Client Needs Tracker'!C12="","",'Client Needs Tracker'!C12)
A13: ='Client Needs Tracker'!A13 -> 102558 | B13: =IF('Client Needs Tracker'!B13="","",UPPER(LEFT(TRIM('Client Needs Tracker'!B13),1))&"."&UPPER(MID('Client Needs Tracker'!B13,FIND("@",SUBSTITUTE('Client Needs Tracker'!B13," ","@",LEN('Client Needs Tracker'!B13)-LEN(SUBSTITUTE('Client Needs Tracker'!B13," ",""))))+1,1))&".") -> B.H. | C13: =IF('Client Needs Tracker'!S13="","",'Client Needs Tracker'!S13) -> F - 1A | D13: =IF('Client Needs Tracker'!G13="","",'Client Needs Tracker'!G13) -> Bayview | M13: =IF(IF('Inventory - P09'!H16="","",'Inventory - P09'!H16&" | ")&IF('Inventory - P09'!H17="","",'Inventory - P09'!H17&" | ")&IF('Inventory - P09'!H18="","",'Inventory - P09'!H18&" | ")&IF('Inventory - P09'!H19="","",'Inventory - P09'!H19&" | ")&IF('Inventory - P09'!H20="","",'Inventory - P09'!H20&" | ")&IF('Inventory - P09'!H21="","",'Inventory - P09'!H21&" | ")&IF('Inventory - P09'!H22="","",'Inventory - P09'!H22&" | ")&IF('Inventory - P09'!H23="","",'Inventory - P09'!H23&" | ")&IF('Inventory - P09'!H24="","",'Inventory - P09'!H24&" | ")&IF('Inventory - P09'!H25="","",'Inventory - P09'!H25&" | ")&IF('Inventory - P09'!H26="","",'Inventory - P09'!H26&" | ")&IF('Inventory - P09'!H27="","",'Inventory - P09'!H27&" | ")="","",LEFT(IF('Inventory - P09'!H16="","",'Inventory - P09'!H16&" | ")&IF('Inventory - P09'!H17="","",'Inventory - P09'!H17&" | ")&IF('Inventory - P09'!H18="","",'Inventory - P09'!H18&" | ")&IF('Inventory - P09'!H19="","",'Inventory - P09'!H19&" | ")&IF('Inventory - P09'!H20="","",'Inventory - P09'!H20&" | ")&IF('Inventory - P09'!H21="","",'Inventory - P09'!H21&" | ")&IF('Inventory - P09'!H22="","",'Inventory - P09'!H22&" | ")&IF('Inventory - P09'!H23="","",'Inventory - P09'!H23&" | ")&IF('Inventory - P09'!H24="","",'Inventory - P09'!H24&" | ")&IF('Inventory - P09'!H25="","",'Inventory - P09'!H25&" | ")&IF('Inventory - P09'!H26="","",'Inventory - P09'!H26&" | ")&IF('Inventory - P09'!H27="","",'Inventory - P09'!H27&" | "),LEN(IF('Inventory - P09'!H16="","",'Inventory - P09'!H16&" | ")&IF('Inventory - P09'!H17="","",'Inventory - P09'!H17&" | ")&IF('Inventory - P09'!H18="","",'Inventory - P09'!H18&" | ")&IF('Inventory - P09'!H19="","",'Inventory - P09'!H19&" | ")&IF('Inventory - P09'!H20="","",'Inventory - P09'!H20&" | ")&IF('Inventory - P09'!H21="","",'Inventory - P09'!H21&" | ")&IF('Inventory - P09'!H22="","",'Inventory - P09'!H22&" | ")&IF('Inventory - P09'!H23="","",'Inventory - P09'!H23&" | ")&IF('Inventory - P09'!H24="","",'Inventory - P09'!H24&" | ")&IF('Inventory - P09'!H25="","",'Inventory - P09'!H25&" | ")&IF('Inventory - P09'!H26="","",'Inventory - P09'!H26&" | ")&IF('Inventory - P09'!H27="","",'Inventory - P09'!H27&" | "))-3)) | N13: =IF('Client Needs Tracker'!E13="","",'Client Needs Tracker'!E13) -> LOC3 | O13: =IF('Client Needs Tracker'!C13="","",'Client Needs Tracker'!C13) -> 46223
A14: ='Client Needs Tracker'!A14 -> 10223 | B14: =IF('Client Needs Tracker'!B14="","",UPPER(LEFT(TRIM('Client Needs Tracker'!B14),1))&"."&UPPER(MID('Client Needs Tracker'!B14,FIND("@",SUBSTITUTE('Client Needs Tracker'!B14," ","@",LEN('Client Needs Tracker'!B14)-LEN(SUBSTITUTE('Client Needs Tracker'!B14," ",""))))+1,1))&".") -> L.L. | C14: =IF('Client Needs Tracker'!S14="","",'Client Needs Tracker'!S14) -> F - 1B | D14: =IF('Client Needs Tracker'!G14="","",'Client Needs Tracker'!G14) | E14: =IF('Client Needs Tracker'!F14="","",'Client Needs Tracker'!F14) | F14: Scheduled | K14: Submitted/Pending | M14: =IF(IF('Inventory - P10'!H16="","",'Inventory - P10'!H16&" | ")&IF('Inventory - P10'!H17="","",'Inventory - P10'!H17&" | ")&IF('Inventory - P10'!H18="","",'Inventory - P10'!H18&" | ")&IF('Inventory - P10'!H19="","",'Inventory - P10'!H19&" | ")&IF('Inventory - P10'!H20="","",'Inventory - P10'!H20&" | ")&IF('Inventory - P10'!H21="","",'Inventory - P10'!H21&" | ")&IF('Inventory - P10'!H22="","",'Inventory - P10'!H22&" | ")&IF('Inventory - P10'!H23="","",'Inventory - P10'!H23&" | ")&IF('Inventory - P10'!H24="","",'Inventory - P10'!H24&" | ")&IF('Inventory - P10'!H25="","",'Inventory - P10'!H25&" | ")&IF('Inventory - P10'!H26="","",'Inventory - P10'!H26&" | ")&IF('Inventory - P10'!H27="","",'Inventory - P10'!H27&" | ")="","",LEFT(IF('Inventory - P10'!H16="","",'Inventory - P10'!H16&" | ")&IF('Inventory - P10'!H17="","",'Inventory - P10'!H17&" | ")&IF('Inventory - P10'!H18="","",'Inventory - P10'!H18&" | ")&IF('Inventory - P10'!H19="","",'Inventory - P10'!H19&" | ")&IF('Inventory - P10'!H20="","",'Inventory - P10'!H20&" | ")&IF('Inventory - P10'!H21="","",'Inventory - P10'!H21&" | ")&IF('Inventory - P10'!H22="","",'Inventory - P10'!H22&" | ")&IF('Inventory - P10'!H23="","",'Inventory - P10'!H23&" | ")&IF('Inventory - P10'!H24="","",'Inventory - P10'!H24&" | ")&IF('Inventory - P10'!H25="","",'Inventory - P10'!H25&" | ")&IF('Inventory - P10'!H26="","",'Inventory - P10'!H26&" | ")&IF('Inventory - P10'!H27="","",'Inventory - P10'!H27&" | "),LEN(IF('Inventory - P10'!H16="","",'Inventory - P10'!H16&" | ")&IF('Inventory - P10'!H17="","",'Inventory - P10'!H17&" | ")&IF('Inventory - P10'!H18="","",'Inventory - P10'!H18&" | ")&IF('Inventory - P10'!H19="","",'Inventory - P10'!H19&" | ")&IF('Inventory - P10'!H20="","",'Inventory - P10'!H20&" | ")&IF('Inventory - P10'!H21="","",'Inventory - P10'!H21&" | ")&IF('Inventory - P10'!H22="","",'Inventory - P10'!H22&" | ")&IF('Inventory - P10'!H23="","",'Inventory - P10'!H23&" | ")&IF('Inventory - P10'!H24="","",'Inventory - P10'!H24&" | ")&IF('Inventory - P10'!H25="","",'Inventory - P10'!H25&" | ")&IF('Inventory - P10'!H26="","",'Inventory - P10'!H26&" | ")&IF('Inventory - P10'!H27="","",'Inventory - P10'!H27&" | "))-3)) | N14: =IF('Client Needs Tracker'!E14="","",'Client Needs Tracker'!E14) | O14: =IF('Client Needs Tracker'!C14="","",'Client Needs Tracker'!C14) -> 46231
A15: ='Client Needs Tracker'!A15 -> 10101010 | B15: =IF('Client Needs Tracker'!B15="","",UPPER(LEFT(TRIM('Client Needs Tracker'!B15),1))&"."&UPPER(MID('Client Needs Tracker'!B15,FIND("@",SUBSTITUTE('Client Needs Tracker'!B15," ","@",LEN('Client Needs Tracker'!B15)-LEN(SUBSTITUTE('Client Needs Tracker'!B15," ",""))))+1,1))&".") -> B.B. | C15: =IF('Client Needs Tracker'!S15="","",'Client Needs Tracker'!S15) -> F - 2A | D15: =IF('Client Needs Tracker'!G15="","",'Client Needs Tracker'!G15) | E15: =IF('Client Needs Tracker'!F15="","",'Client Needs Tracker'!F15) | F15: Scheduled | K15: Submitted/Pending | M15: =IF(IF('Inventory - P11'!H16="","",'Inventory - P11'!H16&" | ")&IF('Inventory - P11'!H17="","",'Inventory - P11'!H17&" | ")&IF('Inventory - P11'!H18="","",'Inventory - P11'!H18&" | ")&IF('Inventory - P11'!H19="","",'Inventory - P11'!H19&" | ")&IF('Inventory - P11'!H20="","",'Inventory - P11'!H20&" | ")&IF('Inventory - P11'!H21="","",'Inventory - P11'!H21&" | ")&IF('Inventory - P11'!H22="","",'Inventory - P11'!H22&" | ")&IF('Inventory - P11'!H23="","",'Inventory - P11'!H23&" | ")&IF('Inventory - P11'!H24="","",'Inventory - P11'!H24&" | ")&IF('Inventory - P11'!H25="","",'Inventory - P11'!H25&" | ")&IF('Inventory - P11'!H26="","",'Inventory - P11'!H26&" | ")&IF('Inventory - P11'!H27="","",'Inventory - P11'!H27&" | ")="","",LEFT(IF('Inventory - P11'!H16="","",'Inventory - P11'!H16&" | ")&IF('Inventory - P11'!H17="","",'Inventory - P11'!H17&" | ")&IF('Inventory - P11'!H18="","",'Inventory - P11'!H18&" | ")&IF('Inventory - P11'!H19="","",'Inventory - P11'!H19&" | ")&IF('Inventory - P11'!H20="","",'Inventory - P11'!H20&" | ")&IF('Inventory - P11'!H21="","",'Inventory - P11'!H21&" | ")&IF('Inventory - P11'!H22="","",'Inventory - P11'!H22&" | ")&IF('Inventory - P11'!H23="","",'Inventory - P11'!H23&" | ")&IF('Inventory - P11'!H24="","",'Inventory - P11'!H24&" | ")&IF('Inventory - P11'!H25="","",'Inventory - P11'!H25&" | ")&IF('Inventory - P11'!H26="","",'Inventory - P11'!H26&" | ")&IF('Inventory - P11'!H27="","",'Inventory - P11'!H27&" | "),LEN(IF('Inventory - P11'!H16="","",'Inventory - P11'!H16&" | ")&IF('Inventory - P11'!H17="","",'Inventory - P11'!H17&" | ")&IF('Inventory - P11'!H18="","",'Inventory - P11'!H18&" | ")&IF('Inventory - P11'!H19="","",'Inventory - P11'!H19&" | ")&IF('Inventory - P11'!H20="","",'Inventory - P11'!H20&" | ")&IF('Inventory - P11'!H21="","",'Inventory - P11'!H21&" | ")&IF('Inventory - P11'!H22="","",'Inventory - P11'!H22&" | ")&IF('Inventory - P11'!H23="","",'Inventory - P11'!H23&" | ")&IF('Inventory - P11'!H24="","",'Inventory - P11'!H24&" | ")&IF('Inventory - P11'!H25="","",'Inventory - P11'!H25&" | ")&IF('Inventory - P11'!H26="","",'Inventory - P11'!H26&" | ")&IF('Inventory - P11'!H27="","",'Inventory - P11'!H27&" | "))-3)) | N15: =IF('Client Needs Tracker'!E15="","",'Client Needs Tracker'!E15) | O15: =IF('Client Needs Tracker'!C15="","",'Client Needs Tracker'!C15) -> 46237
A16: ='Client Needs Tracker'!A16 -> 25585 | B16: =IF('Client Needs Tracker'!B16="","",UPPER(LEFT(TRIM('Client Needs Tracker'!B16),1))&"."&UPPER(MID('Client Needs Tracker'!B16,FIND("@",SUBSTITUTE('Client Needs Tracker'!B16," ","@",LEN('Client Needs Tracker'!B16)-LEN(SUBSTITUTE('Client Needs Tracker'!B16," ",""))))+1,1))&".") -> L.K. | C16: =IF('Client Needs Tracker'!S16="","",'Client Needs Tracker'!S16) -> F - 2B | D16: =IF('Client Needs Tracker'!G16="","",'Client Needs Tracker'!G16) | E16: =IF('Client Needs Tracker'!F16="","",'Client Needs Tracker'!F16) | F16: Scheduled | K16: Submitted/Pending | M16: =IF(IF('Inventory - P12'!H16="","",'Inventory - P12'!H16&" | ")&IF('Inventory - P12'!H17="","",'Inventory - P12'!H17&" | ")&IF('Inventory - P12'!H18="","",'Inventory - P12'!H18&" | ")&IF('Inventory - P12'!H19="","",'Inventory - P12'!H19&" | ")&IF('Inventory - P12'!H20="","",'Inventory - P12'!H20&" | ")&IF('Inventory - P12'!H21="","",'Inventory - P12'!H21&" | ")&IF('Inventory - P12'!H22="","",'Inventory - P12'!H22&" | ")&IF('Inventory - P12'!H23="","",'Inventory - P12'!H23&" | ")&IF('Inventory - P12'!H24="","",'Inventory - P12'!H24&" | ")&IF('Inventory - P12'!H25="","",'Inventory - P12'!H25&" | ")&IF('Inventory - P12'!H26="","",'Inventory - P12'!H26&" | ")&IF('Inventory - P12'!H27="","",'Inventory - P12'!H27&" | ")="","",LEFT(IF('Inventory - P12'!H16="","",'Inventory - P12'!H16&" | ")&IF('Inventory - P12'!H17="","",'Inventory - P12'!H17&" | ")&IF('Inventory - P12'!H18="","",'Inventory - P12'!H18&" | ")&IF('Inventory - P12'!H19="","",'Inventory - P12'!H19&" | ")&IF('Inventory - P12'!H20="","",'Inventory - P12'!H20&" | ")&IF('Inventory - P12'!H21="","",'Inventory - P12'!H21&" | ")&IF('Inventory - P12'!H22="","",'Inventory - P12'!H22&" | ")&IF('Inventory - P12'!H23="","",'Inventory - P12'!H23&" | ")&IF('Inventory - P12'!H24="","",'Inventory - P12'!H24&" | ")&IF('Inventory - P12'!H25="","",'Inventory - P12'!H25&" | ")&IF('Inventory - P12'!H26="","",'Inventory - P12'!H26&" | ")&IF('Inventory - P12'!H27="","",'Inventory - P12'!H27&" | "),LEN(IF('Inventory - P12'!H16="","",'Inventory - P12'!H16&" | ")&IF('Inventory - P12'!H17="","",'Inventory - P12'!H17&" | ")&IF('Inventory - P12'!H18="","",'Inventory - P12'!H18&" | ")&IF('Inventory - P12'!H19="","",'Inventory - P12'!H19&" | ")&IF('Inventory - P12'!H20="","",'Inventory - P12'!H20&" | ")&IF('Inventory - P12'!H21="","",'Inventory - P12'!H21&" | ")&IF('Inventory - P12'!H22="","",'Inventory - P12'!H22&" | ")&IF('Inventory - P12'!H23="","",'Inventory - P12'!H23&" | ")&IF('Inventory - P12'!H24="","",'Inventory - P12'!H24&" | ")&IF('Inventory - P12'!H25="","",'Inventory - P12'!H25&" | ")&IF('Inventory - P12'!H26="","",'Inventory - P12'!H26&" | ")&IF('Inventory - P12'!H27="","",'Inventory - P12'!H27&" | "))-3)) | N16: =IF('Client Needs Tracker'!E16="","",'Client Needs Tracker'!E16) | O16: =IF('Client Needs Tracker'!C16="","",'Client Needs Tracker'!C16) -> 46239
A17: ='Client Needs Tracker'!A17 -> 588588 | B17: =IF('Client Needs Tracker'!B17="","",UPPER(LEFT(TRIM('Client Needs Tracker'!B17),1))&"."&UPPER(MID('Client Needs Tracker'!B17,FIND("@",SUBSTITUTE('Client Needs Tracker'!B17," ","@",LEN('Client Needs Tracker'!B17)-LEN(SUBSTITUTE('Client Needs Tracker'!B17," ",""))))+1,1))&".") -> J.S. | C17: =IF('Client Needs Tracker'!S17="","",'Client Needs Tracker'!S17) -> F - 3A | D17: =IF('Client Needs Tracker'!G17="","",'Client Needs Tracker'!G17) | E17: =IF('Client Needs Tracker'!F17="","",'Client Needs Tracker'!F17) | F17: Scheduled | K17: Submitted/Pending | M17: =IF(IF('Inventory - P13'!H16="","",'Inventory - P13'!H16&" | ")&IF('Inventory - P13'!H17="","",'Inventory - P13'!H17&" | ")&IF('Inventory - P13'!H18="","",'Inventory - P13'!H18&" | ")&IF('Inventory - P13'!H19="","",'Inventory - P13'!H19&" | ")&IF('Inventory - P13'!H20="","",'Inventory - P13'!H20&" | ")&IF('Inventory - P13'!H21="","",'Inventory - P13'!H21&" | ")&IF('Inventory - P13'!H22="","",'Inventory - P13'!H22&" | ")&IF('Inventory - P13'!H23="","",'Inventory - P13'!H23&" | ")&IF('Inventory - P13'!H24="","",'Inventory - P13'!H24&" | ")&IF('Inventory - P13'!H25="","",'Inventory - P13'!H25&" | ")&IF('Inventory - P13'!H26="","",'Inventory - P13'!H26&" | ")&IF('Inventory - P13'!H27="","",'Inventory - P13'!H27&" | ")="","",LEFT(IF('Inventory - P13'!H16="","",'Inventory - P13'!H16&" | ")&IF('Inventory - P13'!H17="","",'Inventory - P13'!H17&" | ")&IF('Inventory - P13'!H18="","",'Inventory - P13'!H18&" | ")&IF('Inventory - P13'!H19="","",'Inventory - P13'!H19&" | ")&IF('Inventory - P13'!H20="","",'Inventory - P13'!H20&" | ")&IF('Inventory - P13'!H21="","",'Inventory - P13'!H21&" | ")&IF('Inventory - P13'!H22="","",'Inventory - P13'!H22&" | ")&IF('Inventory - P13'!H23="","",'Inventory - P13'!H23&" | ")&IF('Inventory - P13'!H24="","",'Inventory - P13'!H24&" | ")&IF('Inventory - P13'!H25="","",'Inventory - P13'!H25&" | ")&IF('Inventory - P13'!H26="","",'Inventory - P13'!H26&" | ")&IF('Inventory - P13'!H27="","",'Inventory - P13'!H27&" | "),LEN(IF('Inventory - P13'!H16="","",'Inventory - P13'!H16&" | ")&IF('Inventory - P13'!H17="","",'Inventory - P13'!H17&" | ")&IF('Inventory - P13'!H18="","",'Inventory - P13'!H18&" | ")&IF('Inventory - P13'!H19="","",'Inventory - P13'!H19&" | ")&IF('Inventory - P13'!H20="","",'Inventory - P13'!H20&" | ")&IF('Inventory - P13'!H21="","",'Inventory - P13'!H21&" | ")&IF('Inventory - P13'!H22="","",'Inventory - P13'!H22&" | ")&IF('Inventory - P13'!H23="","",'Inventory - P13'!H23&" | ")&IF('Inventory - P13'!H24="","",'Inventory - P13'!H24&" | ")&IF('Inventory - P13'!H25="","",'Inventory - P13'!H25&" | ")&IF('Inventory - P13'!H26="","",'Inventory - P13'!H26&" | ")&IF('Inventory - P13'!H27="","",'Inventory - P13'!H27&" | "))-3)) | N17: =IF('Client Needs Tracker'!E17="","",'Client Needs Tracker'!E17) | O17: =IF('Client Needs Tracker'!C17="","",'Client Needs Tracker'!C17) -> 46238
A18: ='Client Needs Tracker'!A18 -> 3855 | B18: =IF('Client Needs Tracker'!B18="","",UPPER(LEFT(TRIM('Client Needs Tracker'!B18),1))&"."&UPPER(MID('Client Needs Tracker'!B18,FIND("@",SUBSTITUTE('Client Needs Tracker'!B18," ","@",LEN('Client Needs Tracker'!B18)-LEN(SUBSTITUTE('Client Needs Tracker'!B18," ",""))))+1,1))&".") -> M.L. | C18: =IF('Client Needs Tracker'!S18="","",'Client Needs Tracker'!S18) -> F - 3B | D18: =IF('Client Needs Tracker'!G18="","",'Client Needs Tracker'!G18) -> PubDef | E18: =IF('Client Needs Tracker'!F18="","",'Client Needs Tracker'!F18) -> J. Wilkers | F18: Scheduled | G18: 46238 | H18: 0.37152778 | I18: 46236 | J18: Needs ID | K18: Picked Up | L18: CVS | M18: =IF(IF('Inventory - P14'!H16="","",'Inventory - P14'!H16&" | ")&IF('Inventory - P14'!H17="","",'Inventory - P14'!H17&" | ")&IF('Inventory - P14'!H18="","",'Inventory - P14'!H18&" | ")&IF('Inventory - P14'!H19="","",'Inventory - P14'!H19&" | ")&IF('Inventory - P14'!H20="","",'Inventory - P14'!H20&" | ")&IF('Inventory - P14'!H21="","",'Inventory - P14'!H21&" | ")&IF('Inventory - P14'!H22="","",'Inventory - P14'!H22&" | ")&IF('Inventory - P14'!H23="","",'Inventory - P14'!H23&" | ")&IF('Inventory - P14'!H24="","",'Inventory - P14'!H24&" | ")&IF('Inventory - P14'!H25="","",'Inventory - P14'!H25&" | ")&IF('Inventory - P14'!H26="","",'Inventory - P14'!H26&" | ")&IF('Inventory - P14'!H27="","",'Inventory - P14'!H27&" | ")="","",LEFT(IF('Inventory - P14'!H16="","",'Inventory - P14'!H16&" | ")&IF('Inventory - P14'!H17="","",'Inventory - P14'!H17&" | ")&IF('Inventory - P14'!H18="","",'Inventory - P14'!H18&" | ")&IF('Inventory - P14'!H19="","",'Inventory - P14'!H19&" | ")&IF('Inventory - P14'!H20="","",'Inventory - P14'!H20&" | ")&IF('Inventory - P14'!H21="","",'Inventory - P14'!H21&" | ")&IF('Inventory - P14'!H22="","",'Inventory - P14'!H22&" | ")&IF('Inventory - P14'!H23="","",'Inventory - P14'!H23&" | ")&IF('Inventory - P14'!H24="","",'Inventory - P14'!H24&" | ")&IF('Inventory - P14'!H25="","",'Inventory - P14'!H25&" | ")&IF('Inventory - P14'!H26="","",'Inventory - P14'!H26&" | ")&IF('Inventory - P14'!H27="","",'Inventory - P14'!H27&" | "),LEN(IF('Inventory - P14'!H16="","",'Inventory - P14'!H16&" | ")&IF('Inventory - P14'!H17="","",'Inventory - P14'!H17&" | ")&IF('Inventory - P14'!H18="","",'Inventory - P14'!H18&" | ")&IF('Inventory - P14'!H19="","",'Inventory - P14'!H19&" | ")&IF('Inventory - P14'!H20="","",'Inventory - P14'!H20&" | ")&IF('Inventory - P14'!H21="","",'Inventory - P14'!H21&" | ")&IF('Inventory - P14'!H22="","",'Inventory - P14'!H22&" | ")&IF('Inventory - P14'!H23="","",'Inventory - P14'!H23&" | ")&IF('Inventory - P14'!H24="","",'Inventory - P14'!H24&" | ")&IF('Inventory - P14'!H25="","",'Inventory - P14'!H25&" | ")&IF('Inventory - P14'!H26="","",'Inventory - P14'!H26&" | ")&IF('Inventory - P14'!H27="","",'Inventory - P14'!H27&" | "))-3)) -> 8:00 AM / 8:00 PM | N18: =IF('Client Needs Tracker'!E18="","",'Client Needs Tracker'!E18) -> LOC5 | O18: =IF('Client Needs Tracker'!C18="","",'Client Needs Tracker'!C18) -> 46205
A19: ='Client Needs Tracker'!A19 -> 0 | B19: =IF('Client Needs Tracker'!B19="","",UPPER(LEFT(TRIM('Client Needs Tracker'!B19),1))&"."&UPPER(MID('Client Needs Tracker'!B19,FIND("@",SUBSTITUTE('Client Needs Tracker'!B19," ","@",LEN('Client Needs Tracker'!B19)-LEN(SUBSTITUTE('Client Needs Tracker'!B19," ",""))))+1,1))&".") | C19: =IF('Client Needs Tracker'!S19="","",'Client Needs Tracker'!S19) -> F - 4A | D19: =IF('Client Needs Tracker'!G19="","",'Client Needs Tracker'!G19) | E19: =IF('Client Needs Tracker'!F19="","",'Client Needs Tracker'!F19) | F19: Scheduled | K19: Submitted/Pending | M19: =IF(IF('Inventory - P15'!H16="","",'Inventory - P15'!H16&" | ")&IF('Inventory - P15'!H17="","",'Inventory - P15'!H17&" | ")&IF('Inventory - P15'!H18="","",'Inventory - P15'!H18&" | ")&IF('Inventory - P15'!H19="","",'Inventory - P15'!H19&" | ")&IF('Inventory - P15'!H20="","",'Inventory - P15'!H20&" | ")&IF('Inventory - P15'!H21="","",'Inventory - P15'!H21&" | ")&IF('Inventory - P15'!H22="","",'Inventory - P15'!H22&" | ")&IF('Inventory - P15'!H23="","",'Inventory - P15'!H23&" | ")&IF('Inventory - P15'!H24="","",'Inventory - P15'!H24&" | ")&IF('Inventory - P15'!H25="","",'Inventory - P15'!H25&" | ")&IF('Inventory - P15'!H26="","",'Inventory - P15'!H26&" | ")&IF('Inventory - P15'!H27="","",'Inventory - P15'!H27&" | ")="","",LEFT(IF('Inventory - P15'!H16="","",'Inventory - P15'!H16&" | ")&IF('Inventory - P15'!H17="","",'Inventory - P15'!H17&" | ")&IF('Inventory - P15'!H18="","",'Inventory - P15'!H18&" | ")&IF('Inventory - P15'!H19="","",'Inventory - P15'!H19&" | ")&IF('Inventory - P15'!H20="","",'Inventory - P15'!H20&" | ")&IF('Inventory - P15'!H21="","",'Inventory - P15'!H21&" | ")&IF('Inventory - P15'!H22="","",'Inventory - P15'!H22&" | ")&IF('Inventory - P15'!H23="","",'Inventory - P15'!H23&" | ")&IF('Inventory - P15'!H24="","",'Inventory - P15'!H24&" | ")&IF('Inventory - P15'!H25="","",'Inventory - P15'!H25&" | ")&IF('Inventory - P15'!H26="","",'Inventory - P15'!H26&" | ")&IF('Inventory - P15'!H27="","",'Inventory - P15'!H27&" | "),LEN(IF('Inventory - P15'!H16="","",'Inventory - P15'!H16&" | ")&IF('Inventory - P15'!H17="","",'Inventory - P15'!H17&" | ")&IF('Inventory - P15'!H18="","",'Inventory - P15'!H18&" | ")&IF('Inventory - P15'!H19="","",'Inventory - P15'!H19&" | ")&IF('Inventory - P15'!H20="","",'Inventory - P15'!H20&" | ")&IF('Inventory - P15'!H21="","",'Inventory - P15'!H21&" | ")&IF('Inventory - P15'!H22="","",'Inventory - P15'!H22&" | ")&IF('Inventory - P15'!H23="","",'Inventory - P15'!H23&" | ")&IF('Inventory - P15'!H24="","",'Inventory - P15'!H24&" | ")&IF('Inventory - P15'!H25="","",'Inventory - P15'!H25&" | ")&IF('Inventory - P15'!H26="","",'Inventory - P15'!H26&" | ")&IF('Inventory - P15'!H27="","",'Inventory - P15'!H27&" | "))-3)) | N19: =IF('Client Needs Tracker'!E19="","",'Client Needs Tracker'!E19) | O19: =IF('Client Needs Tracker'!C19="","",'Client Needs Tracker'!C19)
A20: ='Client Needs Tracker'!A20 -> 0 | B20: =IF('Client Needs Tracker'!B20="","",UPPER(LEFT(TRIM('Client Needs Tracker'!B20),1))&"."&UPPER(MID('Client Needs Tracker'!B20,FIND("@",SUBSTITUTE('Client Needs Tracker'!B20," ","@",LEN('Client Needs Tracker'!B20)-LEN(SUBSTITUTE('Client Needs Tracker'!B20," ",""))))+1,1))&".") | C20: =IF('Client Needs Tracker'!S20="","",'Client Needs Tracker'!S20) -> F - 4B | D20: =IF('Client Needs Tracker'!G20="","",'Client Needs Tracker'!G20) | E20: =IF('Client Needs Tracker'!F20="","",'Client Needs Tracker'!F20) | F20: Scheduled | K20: Submitted/Pending | M20: =IF(IF('Inventory - P16'!H16="","",'Inventory - P16'!H16&" | ")&IF('Inventory - P16'!H17="","",'Inventory - P16'!H17&" | ")&IF('Inventory - P16'!H18="","",'Inventory - P16'!H18&" | ")&IF('Inventory - P16'!H19="","",'Inventory - P16'!H19&" | ")&IF('Inventory - P16'!H20="","",'Inventory - P16'!H20&" | ")&IF('Inventory - P16'!H21="","",'Inventory - P16'!H21&" | ")&IF('Inventory - P16'!H22="","",'Inventory - P16'!H22&" | ")&IF('Inventory - P16'!H23="","",'Inventory - P16'!H23&" | ")&IF('Inventory - P16'!H24="","",'Inventory - P16'!H24&" | ")&IF('Inventory - P16'!H25="","",'Inventory - P16'!H25&" | ")&IF('Inventory - P16'!H26="","",'Inventory - P16'!H26&" | ")&IF('Inventory - P16'!H27="","",'Inventory - P16'!H27&" | ")="","",LEFT(IF('Inventory - P16'!H16="","",'Inventory - P16'!H16&" | ")&IF('Inventory - P16'!H17="","",'Inventory - P16'!H17&" | ")&IF('Inventory - P16'!H18="","",'Inventory - P16'!H18&" | ")&IF('Inventory - P16'!H19="","",'Inventory - P16'!H19&" | ")&IF('Inventory - P16'!H20="","",'Inventory - P16'!H20&" | ")&IF('Inventory - P16'!H21="","",'Inventory - P16'!H21&" | ")&IF('Inventory - P16'!H22="","",'Inventory - P16'!H22&" | ")&IF('Inventory - P16'!H23="","",'Inventory - P16'!H23&" | ")&IF('Inventory - P16'!H24="","",'Inventory - P16'!H24&" | ")&IF('Inventory - P16'!H25="","",'Inventory - P16'!H25&" | ")&IF('Inventory - P16'!H26="","",'Inventory - P16'!H26&" | ")&IF('Inventory - P16'!H27="","",'Inventory - P16'!H27&" | "),LEN(IF('Inventory - P16'!H16="","",'Inventory - P16'!H16&" | ")&IF('Inventory - P16'!H17="","",'Inventory - P16'!H17&" | ")&IF('Inventory - P16'!H18="","",'Inventory - P16'!H18&" | ")&IF('Inventory - P16'!H19="","",'Inventory - P16'!H19&" | ")&IF('Inventory - P16'!H20="","",'Inventory - P16'!H20&" | ")&IF('Inventory - P16'!H21="","",'Inventory - P16'!H21&" | ")&IF('Inventory - P16'!H22="","",'Inventory - P16'!H22&" | ")&IF('Inventory - P16'!H23="","",'Inventory - P16'!H23&" | ")&IF('Inventory - P16'!H24="","",'Inventory - P16'!H24&" | ")&IF('Inventory - P16'!H25="","",'Inventory - P16'!H25&" | ")&IF('Inventory - P16'!H26="","",'Inventory - P16'!H26&" | ")&IF('Inventory - P16'!H27="","",'Inventory - P16'!H27&" | "))-3)) | N20: =IF('Client Needs Tracker'!E20="","",'Client Needs Tracker'!E20) | O20: =IF('Client Needs Tracker'!C20="","",'Client Needs Tracker'!C20)

Sheet Med Reference
A1: Common Psychological Medications (reference list for dropdown)
A3: Depression | B3: Bipolar | C3: Anxiety | D3: All (dropdown source)
A4: Sertraline (Zoloft) | B4: Lithium | C4: Alprazolam (Xanax) | D4: Sertraline (Zoloft)
A5: Fluoxetine (Prozac) | B5: Divalproex/Valproate (Depakote) | C5: Lorazepam (Ativan) | D5: Fluoxetine (Prozac)
A6: Escitalopram (Lexapro) | B6: Lamotrigine (Lamictal) | C6: Clonazepam (Klonopin) | D6: Escitalopram (Lexapro)
A7: Citalopram (Celexa) | B7: Quetiapine (Seroquel) | C7: Buspirone (BuSpar) | D7: Citalopram (Celexa)
A8: Bupropion (Wellbutrin) | B8: Olanzapine (Zyprexa) | C8: Hydroxyzine (Vistaril) | D8: Bupropion (Wellbutrin)
A9: Venlafaxine (Effexor) | B9: Aripiprazole (Abilify) | C9: Diazepam (Valium) | D9: Venlafaxine (Effexor)
A10: Duloxetine (Cymbalta) | B10: Risperidone (Risperdal) | D10: Duloxetine (Cymbalta)
A11: Mirtazapine (Remeron) | B11: Carbamazepine (Tegretol) | D11: Mirtazapine (Remeron)
A12: Trazodone | D12: Trazodone
D13: Lithium
D14: Divalproex/Valproate (Depakote)
D15: Lamotrigine (Lamictal)
D16: Quetiapine (Seroquel)
D17: Olanzapine (Zyprexa)
D18: Aripiprazole (Abilify)
D19: Risperidone (Risperdal)
D20: Carbamazepine (Tegretol)
D21: Alprazolam (Xanax)
D22: Lorazepam (Ativan)
D23: Clonazepam (Klonopin)
D24: Buspirone (BuSpar)
... D26: Diazepam (Valium)
F39: Milligram strengths by medication (used for the Dosage dropdown)
F40: Sertraline (Zoloft) | G40: 25 | H40: 50 | I40: 100
F41: Fluoxetine (Prozac) | G41: 10 | H41: 20 | I41: 40 | J41: 60
F42: Escitalopram (Lexapro) | G42: 5 | H42: 10 | I42: 20
F43: Citalopram (Celexa) | G43: 10 | H43: 20 | I43: 40
F44: Bupropion (Wellbutrin) | G44: 75 | H44: 100 | I44: 150 | J44: 200 | K44: 300
F45: Venlafaxine (Effexor) | G45: 37.5 | H45: 75 | I45: 150 | J45: 225
F46: Duloxetine (Cymbalta) | G46: 20 | H46: 30 | I46: 60
F47: Mirtazapine (Remeron) | G47: 7.5 | H47: 15 | I47: 30 | J47: 45
F48: Trazodone | G48: 50 | H48: 100 | I48: 150 | J48: 300
F49: Lithium | G49: 150 | H49: 300 | I49: 450 | J49: 600
F50: Divalproex/Valproate (Depakote) | G50: 125 | H50: 250 | I50: 500
F51: Lamotrigine (Lamictal) | G51: 25 | H51: 50 | I51: 100 | J51: 150 | K51: 200
F52: Quetiapine (Seroquel) | G52: 25 | H52: 50 | I52: 100 | J52: 200 | K52: 300 | L52: 400
F53: Olanzapine (Zyprexa) | G53: 2.5 | H53: 5 | I53: 7.5 | J53: 10 | K53: 15 | L53: 20
F54: Aripiprazole (Abilify) | G54: 2 | H54: 5 | I54: 10 | J54: 15 | K54: 20 | L54: 30
F55: Risperidone (Risperdal) | G55: 0.25 | H55: 0.5 | I55: 1 | J55: 2 | K55: 3 | L55: 4
F56: Carbamazepine (Tegretol) | G56: 100 | H56: 200 | I56: 400
F57: Alprazolam (Xanax) | G57: 0.25 | H57: 0.5 | I57: 1 | J57: 2
F58: Lorazepam (Ativan) | G58: 0.5 | H58: 1 | I58: 2
F59: Clonazepam (Klonopin) | G59: 0.5 | H59: 1 | I59: 2
F60: Buspirone (BuSpar) | G60: 5 | H60: 10 | I60: 15 | J60: 30
F61: Hydroxyzine (Vistaril) | G61: 10 | H61: 25 | I61: 50 | J61: 100
F62: Diazepam (Valium) | G62: 2 | H62: 5 | I62: 10

Sheet Inventory - P01
A1: [Program / Facility Name] | N1: Suggested tab names (rename manually):
A2: MEDICATION INVENTORY FORM | N2: MAR: | O2: =IF('Client Needs Tracker'!B5="","",UPPER(LEFT(TRIM('Client Needs Tracker'!B5),1))&UPPER(MID('Client Needs Tracker'!B5,FIND("@",SUBSTITUTE('Client Needs Tracker'!B5," ","@",LEN('Client Needs Tracker'!B5)-LEN(SUBSTITUTE('Client Needs Tracker'!B5," ",""))))+1,1))&"-"&SUBSTITUTE('Client Needs Tracker'!S5," ","")) -> JJ-M-1A
A3: Confidential Patient Health Information | N3: Inventory: | O3: =IF('Client Needs Tracker'!S5="","","INV-"&SUBSTITUTE('Client Needs Tracker'!S5," ","")) -> INV-M-1A
A5: Patient Name | F5: Member ID
A6: =IF('Client Needs Tracker'!B5="","(Add client on Client Needs Tracker, row 5)",'Client Needs Tracker'!B5) -> Joe Jackson | F6: ='Client Needs Tracker'!A5 -> 102558
A7: Admit Date | F7: LOC
A8: =IF('Client Needs Tracker'!C5="","",'Client Needs Tracker'!C5) -> 46228 | F8: ='Client Needs Tracker'!E5 -> TBD
A9: Case Manager | F9: Doctor
A10: =IF('Client Needs Tracker'!F5="","",'Client Needs Tracker'!F5) -> TBD | F10: =IF('Client Status Board'!G5="","",'Client Status Board'!G5) -> Unknown
A11: Pharmacy
A12: =IF('Client Status Board'!L5="","",'Client Status Board'!L5) -> Genoa
A13: Start Date 07/03/2026
A15: Med # | B15: Medication Name | C15: Dosage (mg) | D15: Route | E15: Times/day | F15: Start Time | G15: Interval (hrs) | H15: Specific Times | I15: PRN | J15: Category | K15: Count In | L15: Count Out
A16: 587441 | B16: Sertraline (Zoloft) | D16: PO | E16: 4 | F16: 0.33333333 | G16: 4 | H16: =IF(OR($E16="",$F16="",$G16=""),"",IF($E16=1,TEXT($F16+0*$G16/24,"h:mm AM/PM"),IF($E16=2,TEXT($F16+0*$G16/24,"h:mm AM/PM") & " / " & TEXT($F16+1*$G16/24,"h:mm AM/PM"),IF($E16=3,TEXT($F16+0*$G16/24,"h:mm AM/PM") & " / " & TEXT($F16+1*$G16/24,"h:mm AM/PM") & " / " & TEXT($F16+2*$G16/24,"h:mm AM/PM"),IF($E16=4,TEXT($F16+0*$G16/24,"h:mm AM/PM") & " / " & TEXT($F16+1*$G16/24,"h:mm AM/PM") & " / " & TEXT($F16+2*$G16/24,"h:mm AM/PM") & " / " & TEXT($F16+3*$G16/24,"h:mm AM/PM"),IF($E16=5,TEXT($F16+0*$G16/24,"h:mm AM/PM") & " / " & TEXT($F16+1*$G16/24,"h:mm AM/PM") & " / " & TEXT($F16+2*$G16/24,"h:mm AM/PM") & " / " & TEXT($F16+3*$G16/24,"h:mm AM/PM") & " / " & TEXT($F16+4*$G16/24,"h:mm AM/PM"),IF($E16=6,TEXT($F16+0*$G16/24,"h:mm AM/PM") & " / " & TEXT($F16+1*$G16/24,"h:mm AM/PM") & " / " & TEXT($F16+2*$G16/24,"h:mm AM/PM") & " / " & TEXT($F16+3*$G16/24,"h:mm AM/PM") & " / " & TEXT($F16+4*$G16/24,"h:mm AM/PM") & " / " & TEXT($F16+5*$G16/24,"h:mm AM/PM"),"—"))))))) -> 8:00 AM / 12:00 PM / 4:00 PM / 8:00 PM | I16: Y | J16: Physical | K16: 30 | L16: =IF($K16="","",$K16-SUMPRODUCT(('MAR - P01'!$B$10:$B$61=1)*(('MAR - P01'!$I$10:$I$61<>"")+('MAR - P01'!$K$10:$K$61<>"")+('MAR - P01'!$M$10:$M$61<>"")+('MAR - P01'!$O$10:$O$61<>"")+('MAR - P01'!$Q$10:$Q$61<>"")+('MAR - P01'!$S$10:$S$61<>"")+('MAR - P01'!$U$10:$U$61<>"")))) -> 30
H17: =IF(OR($E17="",$F17="",$G17=""),"",IF($E17=1,TEXT($F17+0*$G17/24,"h:mm AM/PM"),IF($E17=2,TEXT($F17+0*$G17/24,"h:mm AM/PM") & " / " & TEXT($F17+1*$G17/24,"h:mm AM/PM"),IF($E17=3,TEXT($F17+0*$G17/24,"h:mm AM/PM") & " / " & TEXT($F17+1*$G17/24,"h:mm AM/PM") & " / " & TEXT($F17+2*$G17/24,"h:mm AM/PM"),IF($E17=4,TEXT($F17+0*$G17/24,"h:mm AM/PM") & " / " & TEXT($F17+1*$G17/24,"h:mm AM/PM") & " / " & TEXT($F17+2*$G17/24,"h:mm AM/PM") & " / " & TEXT($F17+3*$G17/24,"h:mm AM/PM"),IF($E17=5,TEXT($F17+0*$G17/24,"h:mm AM/PM") & " / " & TEXT($F17+1*$G17/24,"h:mm AM/PM") & " / " & TEXT($F17+2*$G17/24,"h:mm AM/PM") & " / " & TEXT($F17+3*$G17/24,"h:mm AM/PM") & " / " & TEXT($F17+4*$G17/24,"h:mm AM/PM"),IF($E17=6,TEXT($F17+0*$G17/24,"h:mm AM/PM") & " / " & TEXT($F17+1*$G17/24,"h:mm AM/PM") & " / " & TEXT($F17+2*$G17/24,"h:mm AM/PM") & " / " & TEXT($F17+3*$G17/24,"h:mm AM/PM") & " / " & TEXT($F17+4*$G17/24,"h:mm AM/PM") & " / " & TEXT($F17+5*$G17/24,"h:mm AM/PM"),"—"))))))) | L17: =IF($K17="","",$K17-SUMPRODUCT(('MAR - P01'!$B$10:$B$61=2)*(('MAR - P01'!$I$10:$I$61<>"")+('MAR - P01'!$K$10:$K$61<>"")+('MAR - P01'!$M$10:$M$61<>"")+('MAR - P01'!$O$10:$O$61<>"")+('MAR - P01'!$Q$10:$Q$61<>"")+('MAR - P01'!$S$10:$S$61<>"")+('MAR - P01'!$U$10:$U$61<>""))))
H18: =IF(OR($E18="",$F18="",$G18=""),"",IF($E18=1,TEXT($F18+0*$G18/24,"h:mm AM/PM"),IF($E18=2,TEXT($F18+0*$G18/24,"h:mm AM/PM") & " / " & TEXT($F18+1*$G18/24,"h:mm AM/PM"),IF($E18=3,TEXT($F18+0*$G18/24,"h:mm AM/PM") & " / " & TEXT($F18+1*$G18/24,"h:mm AM/PM") & " / " & TEXT($F18+2*$G18/24,"h:mm AM/PM"),IF($E18=4,TEXT($F18+0*$G18/24,"h:mm AM/PM") & " / " & TEXT($F18+1*$G18/24,"h:mm AM/PM") & " / " & TEXT($F18+2*$G18/24,"h:mm AM/PM") & " / " & TEXT($F18+3*$G18/24,"h:mm AM/PM"),IF($E18=5,TEXT($F18+0*$G18/24,"h:mm AM/PM") & " / " & TEXT($F18+1*$G18/24,"h:mm AM/PM") & " / " & TEXT($F18+2*$G18/24,"h:mm AM/PM") & " / " & TEXT($F18+3*$G18/24,"h:mm AM/PM") & " / " & TEXT($F18+4*$G18/24,"h:mm AM/PM"),IF($E18=6,TEXT($F18+0*$G18/24,"h:mm AM/PM") & " / " & TEXT($F18+1*$G18/24,"h:mm AM/PM") & " / " & TEXT($F18+2*$G18/24,"h:mm AM/PM") & " / " & TEXT($F18+3*$G18/24,"h:mm AM/PM") & " / " & TEXT($F18+4*$G18/24,"h:mm AM/PM") & " / " & TEXT($F18+5*$G18/24,"h:mm AM/PM"),"—"))))))) | L18: =IF($K18="","",$K18-SUMPRODUCT(('MAR - P01'!$B$10:$B$61=3)*(('MAR - P01'!$I$10:$I$61<>"")+('MAR - P01'!$K$10:$K$61<>"")+('MAR - P01'!$M$10:$M$61<>"")+('MAR - P01'!$O$10:$O$61<>"")+('MAR - P01'!$Q$10:$Q$61<>"")+('MAR - P01'!$S$10:$S$61<>"")+('MAR - P01'!$U$10:$U$61<>""))))
H19: =IF(OR($E19="",$F19="",$G19=""),"",IF($E19=1,TEXT($F19+0*$G19/24,"h:mm AM/PM"),IF($E19=2,TEXT($F19+0*$G19/24,"h:mm AM/PM") & " / " & TEXT($F19+1*$G19/24,"h:mm AM/PM"),IF($E19=3,TEXT($F19+0*$G19/24,"h:mm AM/PM") & " / " & TEXT($F19+1*$G19/24,"h:mm AM/PM") & " / " & TEXT($F19+2*$G19/24,"h:mm AM/PM"),IF($E19=4,TEXT($F19+0*$G19/24,"h:mm AM/PM") & " / " & TEXT($F19+1*$G19/24,"h:mm AM/PM") & " / " & TEXT($F19+2*$G19/24,"h:mm AM/PM") & " / " & TEXT($F19+3*$G19/24,"h:mm AM/PM"),IF($E19=5,TEXT($F19+0*$G19/24,"h:mm AM/PM") & " / " & TEXT($F19+1*$G19/24,"h:mm AM/PM") & " / " & TEXT($F19+2*$G19/24,"h:mm AM/PM") & " / " & TEXT($F19+3*$G19/24,"h:mm AM/PM") & " / " & TEXT($F19+4*$G19/24,"h:mm AM/PM"),IF($E19=6,TEXT($F19+0*$G19/24,"h:mm AM/PM") & " / " & TEXT($F19+1*$G19/24,"h:mm AM/PM") & " / " & TEXT($F19+2*$G19/24,"h:mm AM/PM") & " / " & TEXT($F19+3*$G19/24,"h:mm AM/PM") & " / " & TEXT($F19+4*$G19/24,"h:mm AM/PM") & " / " & TEXT($F19+5*$G19/24,"h:mm AM/PM"),"—"))))))) | L19: =IF($K19="","",$K19-SUMPRODUCT(('MAR - P01'!$B$10:$B$61=4)*(('MAR - P01'!$I$10:$I$61<>"")+('MAR - P01'!$K$10:$K$61<>"")+('MAR - P01'!$M$10:$M$61<>"")+('MAR - P01'!$O$10:$O$61<>"")+('MAR - P01'!$Q$10:$Q$61<>"")+('MAR - P01'!$S$10:$S$61<>"")+('MAR - P01'!$U$10:$U$61<>""))))
H20: =IF(OR($E20="",$F20="",$G20=""),"",IF($E20=1,TEXT($F20+0*$G20/24,"h:mm AM/PM"),IF($E20=2,TEXT($F20+0*$G20/24,"h:mm AM/PM") & " / " & TEXT($F20+1*$G20/24,"h:mm AM/PM"),IF($E20=3,TEXT($F20+0*$G20/24,"h:mm AM/PM") & " / " & TEXT($F20+1*$G20/24,"h:mm AM/PM") & " / " & TEXT($F20+2*$G20/24,"h:mm AM/PM"),IF($E20=4,TEXT($F20+0*$G20/24,"h:mm AM/PM") & " / " & TEXT($F20+1*$G20/24,"h:mm AM/PM") & " / " & TEXT($F20+2*$G20/24,"h:mm AM/PM") & " / " & TEXT($F20+3*$G20/24,"h:mm AM/PM"),IF($E20=5,TEXT($F20+0*$G20/24,"h:mm AM/PM") & " / " & TEXT($F20+1*$G20/24,"h:mm AM/PM") & " / " & TEXT($F20+2*$G20/24,"h:mm AM/PM") & " / " & TEXT($F20+3*$G20/24,"h:mm AM/PM") & " / " & TEXT($F20+4*$G20/24,"h:mm AM/PM"),IF($E20=6,TEXT($F20+0*$G20/24,"h:mm AM/PM") & " / " & TEXT($F20+1*$G20/24,"h:mm AM/PM") & " / " & TEXT($F20+2*$G20/24,"h:mm AM/PM") & " / " & TEXT($F20+3*$G20/24,"h:mm AM/PM") & " / " & TEXT($F20+4*$G20/24,"h:mm AM/PM") & " / " & TEXT($F20+5*$G20/24,"h:mm AM/PM"),"—"))))))) | L20: =IF($K20="","",$K20-SUMPRODUCT(('MAR - P01'!$B$10:$B$61=5)*(('MAR - P01'!$I$10:$I$61<>"")+('MAR - P01'!$K$10:$K$61<>"")+('MAR - P01'!$M$10:$M$61<>"")+('MAR - P01'!$O$10:$O$61<>"")+('MAR - P01'!$Q$10:$Q$61<>"")+('MAR - P01'!$S$10:$S$61<>"")+('MAR - P01'!$U$10:$U$61<>""))))
H21: =IF(OR($E21="",$F21="",$G21=""),"",IF($E21=1,TEXT($F21+0*$G21/24,"h:mm AM/PM"),IF($E21=2,TEXT($F21+0*$G21/24,"h:mm AM/PM") & " / " & TEXT($F21+1*$G21/24,"h:mm AM/PM"),IF($E21=3,TEXT($F21+0*$G21/24,"h:mm AM/PM") & " / " & TEXT($F21+1*$G21/24,"h:mm AM/PM") & " / " & TEXT($F21+2*$G21/24,"h:mm AM/PM"),IF($E21=4,TEXT($F21+0*$G21/24,"h:mm AM/PM") & " / " & TEXT($F21+1*$G21/24,"h:mm AM/PM") & " / " & TEXT($F21+2*$G21/24,"h:mm AM/PM") & " / " & TEXT($F21+3*$G21/24,"h:mm AM/PM"),IF($E21=5,TEXT($F21+0*$G21/24,"h:mm AM/PM") & " / " & TEXT($F21+1*$G21/24,"h:mm AM/PM") & " / " & TEXT($F21+2*$G21/24,"h:mm AM/PM") & " / " & TEXT($F21+3*$G21/24,"h:mm AM/PM") & " / " & TEXT($F21+4*$G21/24,"h:mm AM/PM"),IF($E21=6,TEXT($F21+0*$G21/24,"h:mm AM/PM") & " / " & TEXT($F21+1*$G21/24,"h:mm AM/PM") & " / " & TEXT($F21+2*$G21/24,"h:mm AM/PM") & " / " & TEXT($F21+3*$G21/24,"h:mm AM/PM") & " / " & TEXT($F21+4*$G21/24,"h:mm AM/PM") & " / " & TEXT($F21+5*$G21/24,"h:mm AM/PM"),"—"))))))) | L21: =IF($K21="","",$K21-SUMPRODUCT(('MAR - P01'!$B$10:$B$61=6)*(('MAR - P01'!$I$10:$I$61<>"")+('MAR - P01'!$K$10:$K$61<>"")+('MAR - P01'!$M$10:$M$61<>"")+('MAR - P01'!$O$10:$O$61<>"")+('MAR - P01'!$Q$10:$Q$61<>"")+('MAR - P01'!$S$10:$S$61<>"")+('MAR - P01'!$U$10:$U$61<>""))))
H22: =IF(OR($E22="",$F22="",$G22=""),"",IF($E22=1,TEXT($F22+0*$G22/24,"h:mm AM/PM"),IF($E22=2,TEXT($F22+0*$G22/24,"h:mm AM/PM") & " / " & TEXT($F22+1*$G22/24,"h:mm AM/PM"),IF($E22=3,TEXT($F22+0*$G22/24,"h:mm AM/PM") & " / " & TEXT($F22+1*$G22/24,"h:mm AM/PM") & " / " & TEXT($F22+2*$G22/24,"h:mm AM/PM"),IF($E22=4,TEXT($F22+0*$G22/24,"h:mm AM/PM") & " / " & TEXT($F22+1*$G22/24,"h:mm AM/PM") & " / " & TEXT($F22+2*$G22/24,"h:mm AM/PM") & " / " & TEXT($F22+3*$G22/24,"h:mm AM/PM"),IF($E22=5,TEXT($F22+0*$G22/24,"h:mm AM/PM") & " / " & TEXT($F22+1*$G22/24,"h:mm AM/PM") & " / " & TEXT($F22+2*$G22/24,"h:mm AM/PM") & " / " & TEXT($F22+3*$G22/24,"h:mm AM/PM") & " / " & TEXT($F22+4*$G22/24,"h:mm AM/PM"),IF($E22=6,TEXT($F22+0*$G22/24,"h:mm AM/PM") & " / " & TEXT($F22+1*$G22/24,"h:mm AM/PM") & " / " & TEXT($F22+2*$G22/24,"h:mm AM/PM") & " / " & TEXT($F22+3*$G22/24,"h:mm AM/PM") & " / " & TEXT($F22+4*$G22/24,"h:mm AM/PM") & " / " & TEXT($F22+5*$G22/24,"h:mm AM/PM"),"—"))))))) | L22: =IF($K22="","",$K22-SUMPRODUCT(('MAR - P01'!$B$10:$B$61=7)*(('MAR - P01'!$I$10:$I$61<>"")+('MAR - P01'!$K$10:$K$61<>"")+('MAR - P01'!$M$10:$M$61<>"")+('MAR - P01'!$O$10:$O$61<>"")+('MAR - P01'!$Q$10:$Q$61<>"")+('MAR - P01'!$S$10:$S$61<>"")+('MAR - P01'!$U$10:$U$61<>""))))
H23: =IF(OR($E23="",$F23="",$G23=""),"",IF($E23=1,TEXT($F23+0*$G23/24,"h:mm AM/PM"),IF($E23=2,TEXT($F23+0*$G23/24,"h:mm AM/PM") & " / " & TEXT($F23+1*$G23/24,"h:mm AM/PM"),IF($E23=3,TEXT($F23+0*$G23/24,"h:mm AM/PM") & " / " & TEXT($F23+1*$G23/24,"h:mm AM/PM") & " / " & TEXT($F23+2*$G23/24,"h:mm AM/PM"),IF($E23=4,TEXT($F23+0*$G23/24,"h:mm AM/PM") & " / " & TEXT($F23+1*$G23/24,"h:mm AM/PM") & " / " & TEXT($F23+2*$G23/24,"h:mm AM/PM") & " / " & TEXT($F23+3*$G23/24,"h:mm AM/PM"),IF($E23=5,TEXT($F23+0*$G23/24,"h:mm AM/PM") & " / " & TEXT($F23+1*$G23/24,"h:mm AM/PM") & " / " & TEXT($F23+2*$G23/24,"h:mm AM/PM") & " / " & TEXT($F23+3*$G23/24,"h:mm AM/PM") & " / " & TEXT($F23+4*$G23/24,"h:mm AM/PM"),IF($E23=6,TEXT($F23+0*$G23/24,"h:mm AM/PM") & " / " & TEXT($F23+1*$G23/24,"h:mm AM/PM") & " / " & TEXT($F23+2*$G23/24,"h:mm AM/PM") & " / " & TEXT($F23+3*$G23/24,"h:mm AM/PM") & " / " & TEXT($F23+4*$G23/24,"h:mm AM/PM") & " / " & TEXT($F23+5*$G23/24,"h:mm AM/PM"),"—"))))))) | L23: =IF($K23="","",$K23-SUMPRODUCT(('MAR - P01'!$B$10:$B$61=8)*(('MAR - P01'!$I$10:$I$61<>"")+('MAR - P01'!$K$10:$K$61<>"")+('MAR - P01'!$M$10:$M$61<>"")+('MAR - P01'!$O$10:$O$61<>"")+('MAR - P01'!$Q$10:$Q$61<>"")+('MAR - P01'!$S$10:$S$61<>"")+('MAR - P01'!$U$10:$U$61<>""))))
H24: =IF(OR($E24="",$F24="",$G24=""),"",IF($E24=1,TEXT($F24+0*$G24/24,"h:mm AM/PM"),IF($E24=2,TEXT($F24+0*$G24/24,"h:mm AM/PM") & " / " & TEXT($F24+1*$G24/24,"h:mm AM/PM"),IF($E24=3,TEXT($F24+0*$G24/24,"h:mm AM/PM") & " / " & TEXT($F24+1*$G24/24,"h:mm AM/PM") & " / " & TEXT($F24+2*$G24/24,"h:mm AM/PM"),IF($E24=4,TEXT($F24+0*$G24/24,"h:mm AM/PM") & " / " & TEXT($F24+1*$G24/24,"h:mm AM/PM") & " / " & TEXT($F24+2*$G24/24,"h:mm AM/PM") & " / " & TEXT($F24+3*$G24/24,"h:mm AM/PM"),IF($E24=5,TEXT($F24+0*$G24/24,"h:mm AM/PM") & " / " & TEXT($F24+1*$G24/24,"h:mm AM/PM") & " / " & TEXT($F24+2*$G24/24,"h:mm AM/PM") & " / " & TEXT($F24+3*$G24/24,"h:mm AM/PM") & " / " & TEXT($F24+4*$G24/24,"h:mm AM/PM"),IF($E24=6,TEXT($F24+0*$G24/24,"h:mm AM/PM") & " / " & TEXT($F24+1*$G24/24,"h:mm AM/PM") & " / " & TEXT($F24+2*$G24/24,"h:mm AM/PM") & " / " & TEXT($F24+3*$G24/24,"h:mm AM/PM") & " / " & TEXT($F24+4*$G24/24,"h:mm AM/PM") & " / " & TEXT($F24+5*$G24/24,"h:mm AM/PM"),"—"))))))) | L24: =IF($K24="","",$K24-SUMPRODUCT(('MAR - P01'!$B$10:$B$61=9)*(('MAR - P01'!$I$10:$I$61<>"")+('MAR - P01'!$K$10:$K$61<>"")+('MAR - P01'!$M$10:$M$61<>"")+('MAR - P01'!$O$10:$O$61<>"")+('MAR - P01'!$Q$10:$Q$61<>"")+('MAR - P01'!$S$10:$S$61<>"")+('MAR - P01'!$U$10:$U$61<>""))))
H25: =IF(OR($E25="",$F25="",$G25=""),"",IF($E25=1,TEXT($F25+0*$G25/24,"h:mm AM/PM"),IF($E25=2,TEXT($F25+0*$G25/24,"h:mm AM/PM") & " / " & TEXT($F25+1*$G25/24,"h:mm AM/PM"),IF($E25=3,TEXT($F25+0*$G25/24,"h:mm AM/PM") & " / " & TEXT($F25+1*$G25/24,"h:mm AM/PM") & " / " & TEXT($F25+2*$G25/24,"h:mm AM/PM"),IF($E25=4,TEXT($F25+0*$G25/24,"h:mm AM/PM") & " / " & TEXT($F25+1*$G25/24,"h:mm AM/PM") & " / " & TEXT($F25+2*$G25/24,"h:mm AM/PM") & " / " & TEXT($F25+3*$G25/24,"h:mm AM/PM"),IF($E25=5,TEXT($F25+0*$G25/24,"h:mm AM/PM") & " / " & TEXT($F25+1*$G25/24,"h:mm AM/PM") & " / " & TEXT($F25+2*$G25/24,"h:mm AM/PM") & " / " & TEXT($F25+3*$G25/24,"h:mm AM/PM") & " / " & TEXT($F25+4*$G25/24,"h:mm AM/PM"),IF($E25=6,TEXT($F25+0*$G25/24,"h:mm AM/PM") & " / " & TEXT($F25+1*$G25/24,"h:mm AM/PM") & " / " & TEXT($F25+2*$G25/24,"h:mm AM/PM") & " / " & TEXT($F25+3*$G25/24,"h:mm AM/PM") & " / " & TEXT($F25+4*$G25/24,"h:mm AM/PM") & " / " & TEXT($F25+5*$G25/24,"h:mm AM/PM"),"—"))))))) | L25: =IF($K25="","",$K25-SUMPRODUCT(('MAR - P01'!$B$10:$B$61=10)*(('MAR - P01'!$I$10:$I$61<>"")+('MAR - P01'!$K$10:$K$61<>"")+('MAR - P01'!$M$10:$M$61<>"")+('MAR - P01'!$O$10:$O$61<>"")+('MAR - P01'!$Q$10:$Q$61<>"")+('MAR - P01'!$S$10:$S$61<>"")+('MAR - P01'!$U$10:$U$61<>""))))
H26: =IF(OR($E26="",$F26="",$G26=""),"",IF($E26=1,TEXT($F26+0*$G26/24,"h:mm AM/PM"),IF($E26=2,TEXT($F26+0*$G26/24,"h:mm AM/PM") & " / " & TEXT($F26+1*$G26/24,"h:mm AM/PM"),IF($E26=3,TEXT($F26+0*$G26/24,"h:mm AM/PM") & " / " & TEXT($F26+1*$G26/24,"h:mm AM/PM") & " / " & TEXT($F26+2*$G26/24,"h:mm AM/PM"),IF($E26=4,TEXT($F26+0*$G26/24,"h:mm AM/PM") & " / " & TEXT($F26+1*$G26/24,"h:mm AM/PM") & " / " & TEXT($F26+2*$G26/24,"h:mm AM/PM") & " / " & TEXT($F26+3*$G26/24,"h:mm AM/PM"),IF($E26=5,TEXT($F26+0*$G26/24,"h:mm AM/PM") & " / " & TEXT($F26+1*$G26/24,"h:mm AM/PM") & " / " & TEXT($F26+2*$G26/24,"h:mm AM/PM") & " / " & TEXT($F26+3*$G26/24,"h:mm AM/PM") & " / " & TEXT($F26+4*$G26/24,"h:mm AM/PM"),IF($E26=6,TEXT($F26+0*$G26/24,"h:mm AM/PM") & " / " & TEXT($F26+1*$G26/24,"h:mm AM/PM") & " / " & TEXT($F26+2*$G26/24,"h:mm AM/PM") & " / " & TEXT($F26+3*$G26/24,"h:mm AM/PM") & " / " & TEXT($F26+4*$G26/24,"h:mm AM/PM") & " / " & TEXT($F26+5*$G26/24,"h:mm AM/PM"),"—"))))))) | L26: =IF($K26="","",$K26-SUMPRODUCT(('MAR - P01'!$B$10:$B$61=11)*(('MAR - P01'!$I$10:$I$61<>"")+('MAR - P01'!$K$10:$K$61<>"")+('MAR - P01'!$M$10:$M$61<>"")+('MAR - P01'!$O$10:$O$61<>"")+('MAR - P01'!$Q$10:$Q$61<>"")+('MAR - P01'!$S$10:$S$61<>"")+('MAR - P01'!$U$10:$U$61<>""))))
H27: =IF(OR($E27="",$F27="",$G27=""),"",IF($E27=1,TEXT($F27+0*$G27/24,"h:mm AM/PM"),IF($E27=2,TEXT($F27+0*$G27/24,"h:mm AM/PM") & " / " & TEXT($F27+1*$G27/24,"h:mm AM/PM"),IF($E27=3,TEXT($F27+0*$G27/24,"h:mm AM/PM") & " / " & TEXT($F27+1*$G27/24,"h:mm AM/PM") & " / " & TEXT($F27+2*$G27/24,"h:mm AM/PM"),IF($E27=4,TEXT($F27+0*$G27/24,"h:mm AM/PM") & " / " & TEXT($F27+1*$G27/24,"h:mm AM/PM") & " / " & TEXT($F27+2*$G27/24,"h:mm AM/PM") & " / " & TEXT($F27+3*$G27/24,"h:mm AM/PM"),IF($E27=5,TEXT($F27+0*$G27/24,"h:mm AM/PM") & " / " & TEXT($F27+1*$G27/24,"h:mm AM/PM") & " / " & TEXT($F27+2*$G27/24,"h:mm AM/PM") & " / " & TEXT($F27+3*$G27/24,"h:mm AM/PM") & " / " & TEXT($F27+4*$G27/24,"h:mm AM/PM"),IF($E27=6,TEXT($F27+0*$G27/24,"h:mm AM/PM") & " / " & TEXT($F27+1*$G27/24,"h:mm AM/PM") & " / " & TEXT($F27+2*$G27/24,"h:mm AM/PM") & " / " & TEXT($F27+3*$G27/24,"h:mm AM/PM") & " / " & TEXT($F27+4*$G27/24,"h:mm AM/PM") & " / " & TEXT($F27+5*$G27/24,"h:mm AM/PM"),"—"))))))) | L27: =IF($K27="","",$K27-SUMPRODUCT(('MAR - P01'!$B$10:$B$61=12)*(('MAR - P01'!$I$10:$I$61<>"")+('MAR - P01'!$K$10:$K$61<>"")+('MAR - P01'!$M$10:$M$61<>"")+('MAR - P01'!$O$10:$O$61<>"")+('MAR - P01'!$Q$10:$Q$61<>"")+('MAR - P01'!$S$10:$S$61<>"")+('MAR - P01'!$U$10:$U$61<>""))))
A29: I certify that the above medication counts are accurate as of the date signed.
A31: Counted In By (Signature): _______________________________ | G31: Date: ______________
A33: Counted Out By (Signature): _______________________________ | G33: Date: ______________
A35: Patient Signature: _______________________________ | G35: Date: ______________

Sheet MAR - P01
A1: Weekly Medication Administration Record | AF1: Suggested tab names (rename manually):
G2: ="Case Manager: "&IF('Inventory - P01'!A10="","-",'Inventory - P01'!A10) -> Case Manager: TBD | AF2: MAR: | AG2: =IF('Client Needs Tracker'!B5="","",UPPER(LEFT(TRIM('Client Needs Tracker'!B5),1))&UPPER(MID('Client Needs Tracker'!B5,FIND("@",SUBSTITUTE('Client Needs Tracker'!B5," ","@",LEN('Client Needs Tracker'!B5)-LEN(SUBSTITUTE('Client Needs Tracker'!B5," ",""))))+1,1))&"-"&SUBSTITUTE('Client Needs Tracker'!S5," ","")) -> JJ-M-1A
A3: =IF('Inventory - P01'!A6="","(Enter name in Inventory - P01)",'Inventory - P01'!A6) -> Joe Jackson | F3: =IF('Inventory - P01'!F6="","(Enter ID in Inventory - P01)","Member ID: "&'Inventory - P01'!F6) -> Member ID: 102558 | AF3: Inventory: | AG3: =IF('Client Needs Tracker'!S5="","","INV-"&SUBSTITUTE('Client Needs Tracker'!S5," ","")) -> INV-M-1A
G5: ="Doctor: "&IF('Inventory - P01'!F10="","-",'Inventory - P01'!F10) -> Doctor: Unknown | J5: ="Pharmacy: "&IF('Inventory - P01'!A12="","-",'Inventory - P01'!A12) -> Pharmacy: Genoa
D6: Start Date: | E6: =IF('Inventory - P01'!A14="","",'Inventory - P01'!A14) | G6: ="LOC: "&IF('Inventory - P01'!F8="","-",'Inventory - P01'!F8) -> LOC: TBD | J6: ="Doctor: "&IF('Inventory - P01'!F10="","-",'Inventory - P01'!F10) -> Doctor: Unknown
A8: Time | B8: Med # | C8: Medication Name | D8: Count Out | E8: Route | F8: Times/day | G8: PRN | H8: Category | I8: =IF('Inventory - P01'!A14="","",'Inventory - P01'!A14+0) | K8: =IF('Inventory - P01'!A14="","",'Inventory - P01'!A14+1) | M8: =IF('Inventory - P01'!A14="","",'Inventory - P01'!A14+2) | O8: =IF('Inventory - P01'!A14="","",'Inventory - P01'!A14+3) | Q8: =IF('Inventory - P01'!A14="","",'Inventory - P01'!A14+4) | S8: =IF('Inventory - P01'!A14="","",'Inventory - P01'!A14+5) | U8: =IF('Inventory - P01'!A14="","",'Inventory - P01'!A14+6)
I9: Staff | J9: Pt | K9: Staff | L9: Pt | M9: Staff | N9: Pt | O9: Staff | P9: Pt | Q9: Staff | R9: Pt | S9: Staff | T9: Pt | U9: Staff | V9: Pt
A10: Time Slot 1 (6 AM–11 AM)
A11: =IF(W11<9,TEXT(W11,"h:mm AM/PM"),"") -> 8:00 AM | B11: =IF(X11="","",(INT((X11-1)/4)+1)) -> 1 | C11: {=IF(X11="","",INDEX('Inventory - P01'!$B$16:$B$27,(INT((X11-1)/4)+1))&IF(INDEX('Inventory - P01'!$C$16:$C$27,(INT((X11-1)/4)+1))="",""," ("&INDEX('Inventory - P01'!$C$16:$C$27,(INT((X11-1)/4)+1))&" mg)"))} -> Sertraline (Zoloft) | D11: {=IF(X11="","",INDEX('Inventory - P01'!$K$16:$K$27,(INT((X11-1)/4)+1))-SUMPRODUCT(($B$10:$B$61=B11)*(($I$10:$I$61<>"")+($K$10:$K$61<>"")+($M$10:$M$61<>"")+($O$10:$O$61<>"")+($Q$10:$Q$61<>"")+($S$10:$S$61<>"")+($U$10:$U$61<>""))))} -> 30 | E11: {=IF(X11="","",INDEX('Inventory - P01'!$D$16:$D$27,(INT((X11-1)/4)+1)))} -> PO | F11: {=IF(X11="","",INDEX('Inventory - P01'!$E$16:$E$27,(INT((X11-1)/4)+1)))} -> 4 | G11: {=IF(X11="","",INDEX('Inventory - P01'!$I$16:$I$27,(INT((X11-1)/4)+1)))} -> Y | H11: {=IF(X11="","",INDEX('Inventory - P01'!$J$16:$J$27,(INT((X11-1)/4)+1)))} -> Physical | W11: =SMALL($Z$67:$Z$114,1) -> 0.33333333 | X11: =IF(W11<9,MATCH(W11,$Z$67:$Z$114,0),"") -> 1
A12: =IF(W12<9,TEXT(W12,"h:mm AM/PM"),"") | B12: =IF(X12="","",(INT((X12-1)/4)+1)) | C12: {=IF(X12="","",INDEX('Inventory - P01'!$B$16:$B$27,(INT((X12-1)/4)+1))&IF(INDEX('Inventory - P01'!$C$16:$C$27,(INT((X12-1)/4)+1))="",""," ("&INDEX('Inventory - P01'!$C$16:$C$27,(INT((X12-1)/4)+1))&" mg)"))} | D12: {=IF(X12="","",INDEX('Inventory - P01'!$K$16:$K$27,(INT((X12-1)/4)+1))-SUMPRODUCT(($B$10:$B$61=B12)*(($I$10:$I$61<>"")+($K$10:$K$61<>"")+($M$10:$M$61<>"")+($O$10:$O$61<>"")+($Q$10:$Q$61<>"")+($S$10:$S$61<>"")+($U$10:$U$61<>""))))} | E12: {=IF(X12="","",INDEX('Inventory - P01'!$D$16:$D$27,(INT((X12-1)/4)+1)))} | F12: {=IF(X12="","",INDEX('Inventory - P01'!$E$16:$E$27,(INT((X12-1)/4)+1)))} | G12: {=IF(X12="","",INDEX('Inventory - P01'!$I$16:$I$27,(INT((X12-1)/4)+1)))} | H12: {=IF(X12="","",INDEX('Inventory - P01'!$J$16:$J$27,(INT((X12-1)/4)+1)))} | W12: =SMALL($Z$67:$Z$114,2) -> 9 | X12: =IF(W12<9,MATCH(W12,$Z$67:$Z$114,0),"")
A13: =IF(W13<9,TEXT(W13,"h:mm AM/PM"),"") | B13: =IF(X13="","",(INT((X13-1)/4)+1)) | C13: {=IF(X13="","",INDEX('Inventory - P01'!$B$16:$B$27,(INT((X13-1)/4)+1))&IF(INDEX('Inventory - P01'!$C$16:$C$27,(INT((X13-1)/4)+1))="",""," ("&INDEX('Inventory - P01'!$C$16:$C$27,(INT((X13-1)/4)+1))&" mg)"))} | D13: {=IF(X13="","",INDEX('Inventory - P01'!$K$16:$K$27,(INT((X13-1)/4)+1))-SUMPRODUCT(($B$10:$B$61=B13)*(($I$10:$I$61<>"")+($K$10:$K$61<>"")+($M$10:$M$61<>"")+($O$10:$O$61<>"")+($Q$10:$Q$61<>"")+($S$10:$S$61<>"")+($U$10:$U$61<>""))))} | E13: {=IF(X13="","",INDEX('Inventory - P01'!$D$16:$D$27,(INT((X13-1)/4)+1)))} | F13: {=IF(X13="","",INDEX('Inventory - P01'!$E$16:$E$27,(INT((X13-1)/4)+1)))} | G13: {=IF(X13="","",INDEX('Inventory - P01'!$I$16:$I$27,(INT((X13-1)/4)+1)))} | H13: {=IF(X13="","",INDEX('Inventory - P01'!$J$16:$J$27,(INT((X13-1)/4)+1)))} | W13: =SMALL($Z$67:$Z$114,3) -> 9 | X13: =IF(W13<9,MATCH(W13,$Z$67:$Z$114,0),"")
A14: =IF(W14<9,TEXT(W14,"h:mm AM/PM"),"") | B14: =IF(X14="","",(INT((X14-1)/4)+1)) | C14: {=IF(X14="","",INDEX('Inventory - P01'!$B$16:$B$27,(INT((X14-1)/4)+1))&IF(INDEX('Inventory - P01'!$C$16:$C$27,(INT((X14-1)/4)+1))="",""," ("&INDEX('Inventory - P01'!$C$16:$C$27,(INT((X14-1)/4)+1))&" mg)"))} | D14: {=IF(X14="","",INDEX('Inventory - P01'!$K$16:$K$27,(INT((X14-1)/4)+1))-SUMPRODUCT(($B$10:$B$61=B14)*(($I$10:$I$61<>"")+($K$10:$K$61<>"")+($M$10:$M$61<>"")+($O$10:$O$61<>"")+($Q$10:$Q$61<>"")+($S$10:$S$61<>"")+($U$10:$U$61<>""))))} | E14: {=IF(X14="","",INDEX('Inventory - P01'!$D$16:$D$27,(INT((X14-1)/4)+1)))} | F14: {=IF(X14="","",INDEX('Inventory - P01'!$E$16:$E$27,(INT((X14-1)/4)+1)))} | G14: {=IF(X14="","",INDEX('Inventory - P01'!$I$16:$I$27,(INT((X14-1)/4)+1)))} | H14: {=IF(X14="","",INDEX('Inventory - P01'!$J$16:$J$27,(INT((X14-1)/4)+1)))} | W14: =SMALL($Z$67:$Z$114,4) -> 9 | X14: =IF(W14<9,MATCH(W14,$Z$67:$Z$114,0),"")
A15: =IF(W15<9,TEXT(W15,"h:mm AM/PM"),"") | B15: =IF(X15="","",(INT((X15-1)/4)+1)) | C15: {=IF(X15="","",INDEX('Inventory - P01'!$B$16:$B$27,(INT((X15-1)/4)+1))&IF(INDEX('Inventory - P01'!$C$16:$C$27,(INT((X15-1)/4)+1))="",""," ("&INDEX('Inventory - P01'!$C$16:$C$27,(INT((X15-1)/4)+1))&" mg)"))} | D15: {=IF(X15="","",INDEX('Inventory - P01'!$K$16:$K$27,(INT((X15-1)/4)+1))-SUMPRODUCT(($B$10:$B$61=B15)*(($I$10:$I$61<>"")+($K$10:$K$61<>"")+($M$10:$M$61<>"")+($O$10:$O$61<>"")+($Q$10:$Q$61<>"")+($S$10:$S$61<>"")+($U$10:$U$61<>""))))} | E15: {=IF(X15="","",INDEX('Inventory - P01'!$D$16:$D$27,(INT((X15-1)/4)+1)))} | F15: {=IF(X15="","",INDEX('Inventory - P01'!$E$16:$E$27,(INT((X15-1)/4)+1)))} | G15: {=IF(X15="","",INDEX('Inventory - P01'!$I$16:$I$27,(INT((X15-1)/4)+1)))} | H15: {=IF(X15="","",INDEX('Inventory - P01'!$J$16:$J$27,(INT((X15-1)/4)+1)))} | W15: =SMALL($Z$67:$Z$114,5) -> 9 | X15: =IF(W15<9,MATCH(W15,$Z$67:$Z$114,0),"")
A16: =IF(W16<9,TEXT(W16,"h:mm AM/PM"),"") | B16: =IF(X16="","",(INT((X16-1)/4)+1)) | C16: {=IF(X16="","",INDEX('Inventory - P01'!$B$16:$B$27,(INT((X16-1)/4)+1))&IF(INDEX('Inventory - P01'!$C$16:$C$27,(INT((X16-1)/4)+1))="",""," ("&INDEX('Inventory - P01'!$C$16:$C$27,(INT((X16-1)/4)+1))&" mg)"))} | D16: {=IF(X16="","",INDEX('Inventory - P01'!$K$16:$K$27,(INT((X16-1)/4)+1))-SUMPRODUCT(($B$10:$B$61=B16)*(($I$10:$I$61<>"")+($K$10:$K$61<>"")+($M$10:$M$61<>"")+($O$10:$O$61<>"")+($Q$10:$Q$61<>"")+($S$10:$S$61<>"")+($U$10:$U$61<>""))))} | E16: {=IF(X16="","",INDEX('Inventory - P01'!$D$16:$D$27,(INT((X16-1)/4)+1)))} | F16: {=IF(X16="","",INDEX('Inventory - P01'!$E$16:$E$27,(INT((X16-1)/4)+1)))} | G16: {=IF(X16="","",INDEX('Inventory - P01'!$I$16:$I$27,(INT((X16-1)/4)+1)))} | H16: {=IF(X16="","",INDEX('Inventory - P01'!$J$16:$J$27,(INT((X16-1)/4)+1)))} | W16: =SMALL($Z$67:$Z$114,6) -> 9 | X16: =IF(W16<9,MATCH(W16,$Z$67:$Z$114,0),"")
A17: =IF(W17<9,TEXT(W17,"h:mm AM/PM"),"") | B17: =IF(X17="","",(INT((X17-1)/4)+1)) | C17: {=IF(X17="","",INDEX('Inventory - P01'!$B$16:$B$27,(INT((X17-1)/4)+1))&IF(INDEX('Inventory - P01'!$C$16:$C$27,(INT((X17-1)/4)+1))="",""," ("&INDEX('Inventory - P01'!$C$16:$C$27,(INT((X17-1)/4)+1))&" mg)"))} | D17: {=IF(X17="","",INDEX('Inventory - P01'!$K$16:$K$27,(INT((X17-1)/4)+1))-SUMPRODUCT(($B$10:$B$61=B17)*(($I$10:$I$61<>"")+($K$10:$K$61<>"")+($M$10:$M$61<>"")+($O$10:$O$61<>"")+($Q$10:$Q$61<>"")+($S$10:$S$61<>"")+($U$10:$U$61<>""))))} | E17: {=IF(X17="","",INDEX('Inventory - P01'!$D$16:$D$27,(INT((X17-1)/4)+1)))} | F17: {=IF(X17="","",INDEX('Inventory - P01'!$E$16:$E$27,(INT((X17-1)/4)+1)))} | G17: {=IF(X17="","",INDEX('Inventory - P01'!$I$16:$I$27,(INT((X17-1)/4)+1)))} | H17: {=IF(X17="","",INDEX('Inventory - P01'!$J$16:$J$27,(INT((X17-1)/4)+1)))} | W17: =SMALL($Z$67:$Z$114,7) -> 9 | X17: =IF(W17<9,MATCH(W17,$Z$67:$Z$114,0),"")
A18: =IF(W18<9,TEXT(W18,"h:mm AM/PM"),"") | B18: =IF(X18="","",(INT((X18-1)/4)+1)) | C18: {=IF(X18="","",INDEX('Inventory - P01'!$B$16:$B$27,(INT((X18-1)/4)+1))&IF(INDEX('Inventory - P01'!$C$16:$C$27,(INT((X18-1)/4)+1))="",""," ("&INDEX('Inventory - P01'!$C$16:$C$27,(INT((X18-1)/4)+1))&" mg)"))} | D18: {=IF(X18="","",INDEX('Inventory - P01'!$K$16:$K$27,(INT((X18-1)/4)+1))-SUMPRODUCT(($B$10:$B$61=B18)*(($I$10:$I$61<>"")+($K$10:$K$61<>"")+($M$10:$M$61<>"")+($O$10:$O$61<>"")+($Q$10:$Q$61<>"")+($S$10:$S$61<>"")+($U$10:$U$61<>""))))} | E18: {=IF(X18="","",INDEX('Inventory - P01'!$D$16:$D$27,(INT((X18-1)/4)+1)))} | F18: {=IF(X18="","",INDEX('Inventory - P01'!$E$16:$E$27,(INT((X18-1)/4)+1)))} | G18: {=IF(X18="","",INDEX('Inventory - P01'!$I$16:$I$27,(INT((X18-1)/4)+1)))} | H18: {=IF(X18="","",INDEX('Inventory - P01'!$J$16:$J$27,(INT((X18-1)/4)+1)))} | W18: =SMALL($Z$67:$Z$114,8) -> 9 | X18: =IF(W18<9,MATCH(W18,$Z$67:$Z$114,0),"")
A19: =IF(W19<9,TEXT(W19,"h:mm AM/PM"),"") | B19: =IF(X19="","",(INT((X19-1)/4)+1)) | C19: {=IF(X19="","",INDEX('Inventory - P01'!$B$16:$B$27,(INT((X19-1)/4)+1))&IF(INDEX('Inventory - P01'!$C$16:$C$27,(INT((X19-1)/4)+1))="",""," ("&INDEX('Inventory - P01'!$C$16:$C$27,(INT((X19-1)/4)+1))&" mg)"))} | D19: {=IF(X19="","",INDEX('Inventory - P01'!$K$16:$K$27,(INT((X19-1)/4)+1))-SUMPRODUCT(($B$10:$B$61=B19)*(($I$10:$I$61<>"")+($K$10:$K$61<>"")+($M$10:$M$61<>"")+($O$10:$O$61<>"")+($Q$10:$Q$61<>"")+($S$10:$S$61<>"")+($U$10:$U$61<>""))))} | E19: {=IF(X19="","",INDEX('Inventory - P01'!$D$16:$D$27,(INT((X19-1)/4)+1)))} | F19: {=IF(X19="","",INDEX('Inventory - P01'!$E$16:$E$27,(INT((X19-1)/4)+1)))} | G19: {=IF(X19="","",INDEX('Inventory - P01'!$I$16:$I$27,(INT((X19-1)/4)+1)))} | H19: {=IF(X19="","",INDEX('Inventory - P01'!$J$16:$J$27,(INT((X19-1)/4)+1)))} | W19: =SMALL($Z$67:$Z$114,9) -> 9 | X19: =IF(W19<9,MATCH(W19,$Z$67:$Z$114,0),"")
A20: =IF(W20<9,TEXT(W20,"h:mm AM/PM"),"") | B20: =IF(X20="","",(INT((X20-1)/4)+1)) | C20: {=IF(X20="","",INDEX('Inventory - P01'!$B$16:$B$27,(INT((X20-1)/4)+1))&IF(INDEX('Inventory - P01'!$C$16:$C$27,(INT((X20-1)/4)+1))="",""," ("&INDEX('Inventory - P01'!$C$16:$C$27,(INT((X20-1)/4)+1))&" mg)"))} | D20: {=IF(X20="","",INDEX('Inventory - P01'!$K$16:$K$27,(INT((X20-1)/4)+1))-SUMPRODUCT(($B$10:$B$61=B20)*(($I$10:$I$61<>"")+($K$10:$K$61<>"")+($M$10:$M$61<>"")+($O$10:$O$61<>"")+($Q$10:$Q$61<>"")+($S$10:$S$61<>"")+($U$10:$U$61<>""))))} | E20: {=IF(X20="","",INDEX('Inventory - P01'!$D$16:$D$27,(INT((X20-1)/4)+1)))} | F20: {=IF(X20="","",INDEX('Inventory - P01'!$E$16:$E$27,(INT((X20-1)/4)+1)))} | G20: {=IF(X20="","",INDEX('Inventory - P01'!$I$16:$I$27,(INT((X20-1)/4)+1)))} | H20: {=IF(X20="","",INDEX('Inventory - P01'!$J$16:$J$27,(INT((X20-1)/4)+1)))} | W20: =SMALL($Z$67:$Z$114,10) -> 9 | X20: =IF(W20<9,MATCH(W20,$Z$67:$Z$114,0),"")
A21: =IF(W21<9,TEXT(W21,"h:mm AM/PM"),"") | B21: =IF(X21="","",(INT((X21-1)/4)+1)) | C21: {=IF(X21="","",INDEX('Inventory - P01'!$B$16:$B$27,(INT((X21-1)/4)+1))&IF(INDEX('Inventory - P01'!$C$16:$C$27,(INT((X21-1)/4)+1))="",""," ("&INDEX('Inventory - P01'!$C$16:$C$27,(INT((X21-1)/4)+1))&" mg)"))} | D21: {=IF(X21="","",INDEX('Inventory - P01'!$K$16:$K$27,(INT((X21-1)/4)+1))-SUMPRODUCT(($B$10:$B$61=B21)*(($I$10:$I$61<>"")+($K$10:$K$61<>"")+($M$10:$M$61<>"")+($O$10:$O$61<>"")+($Q$10:$Q$61<>"")+($S$10:$S$61<>"")+($U$10:$U$61<>""))))} | E21: {=IF(X21="","",INDEX('Inventory - P01'!$D$16:$D$27,(INT((X21-1)/4)+1)))} | F21: {=IF(X21="","",INDEX('Inventory - P01'!$E$16:$E$27,(INT((X21-1)/4)+1)))} | G21: {=IF(X21="","",INDEX('Inventory - P01'!$I$16:$I$27,(INT((X21-1)/4)+1)))} | H21: {=IF(X21="","",INDEX('Inventory - P01'!$J$16:$J$27,(INT((X21-1)/4)+1)))} | W21: =SMALL($Z$67:$Z$114,11) -> 9 | X21: =IF(W21<9,MATCH(W21,$Z$67:$Z$114,0),"")
A22: =IF(W22<9,TEXT(W22,"h:mm AM/PM"),"") | B22: =IF(X22="","",(INT((X22-1)/4)+1)) | C22: {=IF(X22="","",INDEX('Inventory - P01'!$B$16:$B$27,(INT((X22-1)/4)+1))&IF(INDEX('Inventory - P01'!$C$16:$C$27,(INT((X22-1)/4)+1))="",""," ("&INDEX('Inventory - P01'!$C$16:$C$27,(INT((X22-1)/4)+1))&" mg)"))} | D22: {=IF(X22="","",INDEX('Inventory - P01'!$K$16:$K$27,(INT((X22-1)/4)+1))-SUMPRODUCT(($B$10:$B$61=B22)*(($I$10:$I$61<>"")+($K$10:$K$61<>"")+($M$10:$M$61<>"")+($O$10:$O$61<>"")+($Q$10:$Q$61<>"")+($S$10:$S$61<>"")+($U$10:$U$61<>""))))} | E22: {=IF(X22="","",INDEX('Inventory - P01'!$D$16:$D$27,(INT((X22-1)/4)+1)))} | F22: {=IF(X22="","",INDEX('Inventory - P01'!$E$16:$E$27,(INT((X22-1)/4)+1)))} | G22: {=IF(X22="","",INDEX('Inventory - P01'!$I$16:$I$27,(INT((X22-1)/4)+1)))} | H22: {=IF(X22="","",INDEX('Inventory - P01'!$J$16:$J$27,(INT((X22-1)/4)+1)))} | W22: =SMALL($Z$67:$Z$114,12) -> 9 | X22: =IF(W22<9,MATCH(W22,$Z$67:$Z$114,0),"")
A23: Time Slot 2 (12 PM–4 PM)
A24: =IF(W24<9,TEXT(W24,"h:mm AM/PM"),"") -> 12:00 PM | B24: =IF(X24="","",(INT((X24-1)/4)+1)) -> 1 | C24: {=IF(X24="","",INDEX('Inventory - P01'!$B$16:$B$27,(INT((X24-1)/4)+1))&IF(INDEX('Inventory - P01'!$C$16:$C$27,(INT((X24-1)/4)+1))="",""," ("&INDEX('Inventory - P01'!$C$16:$C$27,(INT((X24-1)/4)+1))&" mg)"))} -> Sertraline (Zoloft) | D24: {=IF(X24="","",INDEX('Inventory - P01'!$K$16:$K$27,(INT((X24-1)/4)+1))-SUMPRODUCT(($B$10:$B$61=B24)*(($I$10:$I$61<>"")+($K$10:$K$61<>"")+($M$10:$M$61<>"")+($O$10:$O$61<>"")+($Q$10:$Q$61<>"")+($S$10:$S$61<>"")+($U$10:$U$61<>""))))} -> 30 | E24: {=IF(X24="","",INDEX('Inventory - P01'!$D$16:$D$27,(INT((X24-1)/4)+1)))} -> PO | F24: {=IF(X24="","",INDEX('Inventory - P01'!$E$16:$E$27,(INT((X24-1)/4)+1)))} -> 4 | G24: {=IF(X24="","",INDEX('Inventory - P01'!$I$16:$I$27,(INT((X24-1)/4)+1)))} -> Y | H24: {=IF(X24="","",INDEX('Inventory - P01'!$J$16:$J$27,(INT((X24-1)/4)+1)))} -> Physical | W24: =SMALL($AA$67:$AA$114,1) -> 0.5 | X24: =IF(W24<9,MATCH(W24,$AA$67:$AA$114,0),"") -> 2
A25: =IF(W25<9,TEXT(W25,"h:mm AM/PM"),"") -> 4:00 PM | B25: =IF(X25="","",(INT((X25-1)/4)+1)) -> 1 | C25: {=IF(X25="","",INDEX('Inventory - P01'!$B$16:$B$27,(INT((X25-1)/4)+1))&IF(INDEX('Inventory - P01'!$C$16:$C$27,(INT((X25-1)/4)+1))="",""," ("&INDEX('Inventory - P01'!$C$16:$C$27,(INT((X25-1)/4)+1))&" mg)"))} -> Sertraline (Zoloft) | D25: {=IF(X25="","",INDEX('Inventory - P01'!$K$16:$K$27,(INT((X25-1)/4)+1))-SUMPRODUCT(($B$10:$B$61=B25)*(($I$10:$I$61<>"")+($K$10:$K$61<>"")+($M$10:$M$61<>"")+($O$10:$O$61<>"")+($Q$10:$Q$61<>"")+($S$10:$S$61<>"")+($U$10:$U$61<>""))))} -> 30 | E25: {=IF(X25="","",INDEX('Inventory - P01'!$D$16:$D$27,(INT((X25-1)/4)+1)))} -> PO | F25: {=IF(X25="","",INDEX('Inventory - P01'!$E$16:$E$27,(INT((X25-1)/4)+1)))} -> 4 | G25: {=IF(X25="","",INDEX('Inventory - P01'!$I$16:$I$27,(INT((X25-1)/4)+1)))} -> Y | H25: {=IF(X25="","",INDEX('Inventory - P01'!$J$16:$J$27,(INT((X25-1)/4)+1)))} -> Physical | W25: =SMALL($AA$67:$AA$114,2) -> 0.66666667 | X25: =IF(W25<9,MATCH(W25,$AA$67:$AA$114,0),"") -> 3
A26: =IF(W26<9,TEXT(W26,"h:mm AM/PM"),"") | B26: =IF(X26="","",(INT((X26-1)/4)+1)) | C26: {=IF(X26="","",INDEX('Inventory - P01'!$B$16:$B$27,(INT((X26-1)/4)+1))&IF(INDEX('Inventory - P01'!$C$16:$C$27,(INT((X26-1)/4)+1))="",""," ("&INDEX('Inventory - P01'!$C$16:$C$27,(INT((X26-1)/4)+1))&" mg)"))} | D26: {=IF(X26="","",INDEX('Inventory - P01'!$K$16:$K$27,(INT((X26-1)/4)+1))-SUMPRODUCT(($B$10:$B$61=B26)*(($I$10:$I$61<>"")+($K$10:$K$61<>"")+($M$10:$M$61<>"")+($O$10:$O$61<>"")+($Q$10:$Q$61<>"")+($S$10:$S$61<>"")+($U$10:$U$61<>""))))} | E26: {=IF(X26="","",INDEX('Inventory - P01'!$D$16:$D$27,(INT((X26-1)/4)+1)))} | F26: {=IF(X26="","",INDEX('Inventory - P01'!$E$16:$E$27,(INT((X26-1)/4)+1)))} | G26: {=IF(X26="","",INDEX('Inventory - P01'!$I$16:$I$27,(INT((X26-1)/4)+1)))} | H26: {=IF(X26="","",INDEX('Inventory - P01'!$J$16:$J$27,(INT((X26-1)/4)+1)))} | W26: =SMALL($AA$67:$AA$114,3) -> 9 | X26: =IF(W26<9,MATCH(W26,$AA$67:$AA$114,0),"")
A27: =IF(W27<9,TEXT(W27,"h:mm AM/PM"),"") | B27: =IF(X27="","",(INT((X27-1)/4)+1)) | C27: {=IF(X27="","",INDEX('Inventory - P01'!$B$16:$B$27,(INT((X27-1)/4)+1))&IF(INDEX('Inventory - P01'!$C$16:$C$27,(INT((X27-1)/4)+1))="",""," ("&INDEX('Inventory - P01'!$C$16:$C$27,(INT((X27-1)/4)+1))&" mg)"))} | D27: {=IF(X27="","",INDEX('Inventory - P01'!$K$16:$K$27,(INT((X27-1)/4)+1))-SUMPRODUCT(($B$10:$B$61=B27)*(($I$10:$I$61<>"")+($K$10:$K$61<>"")+($M$10:$M$61<>"")+($O$10:$O$61<>"")+($Q$10:$Q$61<>"")+($S$10:$S$61<>"")+($U$10:$U$61<>""))))} | E27: {=IF(X27="","",INDEX('Inventory - P01'!$D$16:$D$27,(INT((X27-1)/4)+1)))} | F27: {=IF(X27="","",INDEX('Inventory - P01'!$E$16:$E$27,(INT((X27-1)/4)+1)))} | G27: {=IF(X27="","",INDEX('Inventory - P01'!$I$16:$I$27,(INT((X27-1)/4)+1)))} | H27: {=IF(X27="","",INDEX('Inventory - P01'!$J$16:$J$27,(INT((X27-1)/4)+1)))} | W27: =SMALL($AA$67:$AA$114,4) -> 9 | X27: =IF(W27<9,MATCH(W27,$AA$67:$AA$114,0),"")
A28: =IF(W28<9,TEXT(W28,"h:mm AM/PM"),"") | B28: =IF(X28="","",(INT((X28-1)/4)+1)) | C28: {=IF(X28="","",INDEX('Inventory - P01'!$B$16:$B$27,(INT((X28-1)/4)+1))&IF(INDEX('Inventory - P01'!$C$16:$C$27,(INT((X28-1)/4)+1))="",""," ("&INDEX('Inventory - P01'!$C$16:$C$27,(INT((X28-1)/4)+1))&" mg)"))} | D28: {=IF(X28="","",INDEX('Inventory - P01'!$K$16:$K$27,(INT((X28-1)/4)+1))-SUMPRODUCT(($B$10:$B$61=B28)*(($I$10:$I$61<>"")+($K$10:$K$61<>"")+($M$10:$M$61<>"")+($O$10:$O$61<>"")+($Q$10:$Q$61<>"")+($S$10:$S$61<>"")+($U$10:$U$61<>""))))} | E28: {=IF(X28="","",INDEX('Inventory - P01'!$D$16:$D$27,(INT((X28-1)/4)+1)))} | F28: {=IF(X28="","",INDEX('Inventory - P01'!$E$16:$E$27,(INT((X28-1)/4)+1)))} | G28: {=IF(X28="","",INDEX('Inventory - P01'!$I$16:$I$27,(INT((X28-1)/4)+1)))} | H28: {=IF(X28="","",INDEX('Inventory - P01'!$J$16:$J$27,(INT((X28-1)/4)+1)))} | W28: =SMALL($AA$67:$AA$114,5) -> 9 | X28: =IF(W28<9,MATCH(W28,$AA$67:$AA$114,0),"")
A29: =IF(W29<9,TEXT(W29,"h:mm AM/PM"),"") | B29: =IF(X29="","",(INT((X29-1)/4)+1)) | C29: {=IF(X29="","",INDEX('Inventory - P01'!$B$16:$B$27,(INT((X29-1)/4)+1))&IF(INDEX('Inventory - P01'!$C$16:$C$27,(INT((X29-1)/4)+1))="",""," ("&INDEX('Inventory - P01'!$C$16:$C$27,(INT((X29-1)/4)+1))&" mg)"))} | D29: {=IF(X29="","",INDEX('Inventory - P01'!$K$16:$K$27,(INT((X29-1)/4)+1))-SUMPRODUCT(($B$10:$B$61=B29)*(($I$10:$I$61<>"")+($K$10:$K$61<>"")+($M$10:$M$61<>"")+($O$10:$O$61<>"")+($Q$10:$Q$61<>"")+($S$10:$S$61<>"")+($U$10:$U$61<>""))))} | E29: {=IF(X29="","",INDEX('Inventory - P01'!$D$16:$D$27,(INT((X29-1)/4)+1)))} | F29: {=IF(X29="","",INDEX('Inventory - P01'!$E$16:$E$27,(INT((X29-1)/4)+1)))} | G29: {=IF(X29="","",INDEX('Inventory - P01'!$I$16:$I$27,(INT((X29-1)/4)+1)))} | H29: {=IF(X29="","",INDEX('Inventory - P01'!$J$16:$J$27,(INT((X29-1)/4)+1)))} | W29: =SMALL($AA$67:$AA$114,6) -> 9 | X29: =IF(W29<9,MATCH(W29,$AA$67:$AA$114,0),"")
A30: =IF(W30<9,TEXT(W30,"h:mm AM/PM"),"") | B30: =IF(X30="","",(INT((X30-1)/4)+1)) | C30: {=IF(X30="","",INDEX('Inventory - P01'!$B$16:$B$27,(INT((X30-1)/4)+1))&IF(INDEX('Inventory - P01'!$C$16:$C$27,(INT((X30-1)/4)+1))="",""," ("&INDEX('Inventory - P01'!$C$16:$C$27,(INT((X30-1)/4)+1))&" mg)"))} | D30: {=IF(X30="","",INDEX('Inventory - P01'!$K$16:$K$27,(INT((X30-1)/4)+1))-SUMPRODUCT(($B$10:$B$61=B30)*(($I$10:$I$61<>"")+($K$10:$K$61<>"")+($M$10:$M$61<>"")+($O$10:$O$61<>"")+($Q$10:$Q$61<>"")+($S$10:$S$61<>"")+($U$10:$U$61<>""))))} | E30: {=IF(X30="","",INDEX('Inventory - P01'!$D$16:$D$27,(INT((X30-1)/4)+1)))} | F30: {=IF(X30="","",INDEX('Inventory - P01'!$E$16:$E$27,(INT((X30-1)/4)+1)))} | G30: {=IF(X30="","",INDEX('Inventory - P01'!$I$16:$I$27,(INT((X30-1)/4)+1)))} | H30: {=IF(X30="","",INDEX('Inventory - P01'!$J$16:$J$27,(INT((X30-1)/4)+1)))} | W30: =SMALL($AA$67:$AA$114,7) -> 9 | X30: =IF(W30<9,MATCH(W30,$AA$67:$AA$114,0),"")
A31: =IF(W31<9,TEXT(W31,"h:mm AM/PM"),"") | B31: =IF(X31="","",(INT((X31-1)/4)+1)) | C31: {=IF(X31="","",INDEX('Inventory - P01'!$B$16:$B$27,(INT((X31-1)/4)+1))&IF(INDEX('Inventory - P01'!$C$16:$C$27,(INT((X31-1)/4)+1))="",""," ("&INDEX('Inventory - P01'!$C$16:$C$27,(INT((X31-1)/4)+1))&" mg)"))} | D31: {=IF(X31="","",INDEX('Inventory - P01'!$K$16:$K$27,(INT((X31-1)/4)+1))-SUMPRODUCT(($B$10:$B$61=B31)*(($I$10:$I$61<>"")+($K$10:$K$61<>"")+($M$10:$M$61<>"")+($O$10:$O$61<>"")+($Q$10:$Q$61<>"")+($S$10:$S$61<>"")+($U$10:$U$61<>""))))} | E31: {=IF(X31="","",INDEX('Inventory - P01'!$D$16:$D$27,(INT((X31-1)/4)+1)))} | F31: {=IF(X31="","",INDEX('Inventory - P01'!$E$16:$E$27,(INT((X31-1)/4)+1)))} | G31: {=IF(X31="","",INDEX('Inventory - P01'!$I$16:$I$27,(INT((X31-1)/4)+1)))} | H31: {=IF(X31="","",INDEX('Inventory - P01'!$J$16:$J$27,(INT((X31-1)/4)+1)))} | W31: =SMALL($AA$67:$AA$114,8) -> 9 | X31: =IF(W31<9,MATCH(W31,$AA$67:$AA$114,0),"")
A32: =IF(W32<9,TEXT(W32,"h:mm AM/PM"),"") | B32: =IF(X32="","",(INT((X32-1)/4)+1)) | C32: {=IF(X32="","",INDEX('Inventory - P01'!$B$16:$B$27,(INT((X32-1)/4)+1))&IF(INDEX('Inventory - P01'!$C$16:$C$27,(INT((X32-1)/4)+1))="",""," ("&INDEX('Inventory - P01'!$C$16:$C$27,(INT((X32-1)/4)+1))&" mg)"))} | D32: {=IF(X32="","",INDEX('Inventory - P01'!$K$16:$K$27,(INT((X32-1)/4)+1))-SUMPRODUCT(($B$10:$B$61=B32)*(($I$10:$I$61<>"")+($K$10:$K$61<>"")+($M$10:$M$61<>"")+($O$10:$O$61<>"")+($Q$10:$Q$61<>"")+($S$10:$S$61<>"")+($U$10:$U$61<>""))))} | E32: {=IF(X32="","",INDEX('Inventory - P01'!$D$16:$D$27,(INT((X32-1)/4)+1)))} | F32: {=IF(X32="","",INDEX('Inventory - P01'!$E$16:$E$27,(INT((X32-1)/4)+1)))} | G32: {=IF(X32="","",INDEX('Inventory - P01'!$I$16:$I$27,(INT((X32-1)/4)+1)))} | H32: {=IF(X32="","",INDEX('Inventory - P01'!$J$16:$J$27,(INT((X32-1)/4)+1)))} | W32: =SMALL($AA$67:$AA$114,9) -> 9 | X32: =IF(W32<9,MATCH(W32,$AA$67:$AA$114,0),"")
A33: =IF(W33<9,TEXT(W33,"h:mm AM/PM"),"") | B33: =IF(X33="","",(INT((X33-1)/4)+1)) | C33: {=IF(X33="","",INDEX('Inventory - P01'!$B$16:$B$27,(INT((X33-1)/4)+1))&IF(INDEX('Inventory - P01'!$C$16:$C$27,(INT((X33-1)/4)+1))="",""," ("&INDEX('Inventory - P01'!$C$16:$C$27,(INT((X33-1)/4)+1))&" mg)"))} | D33: {=IF(X33="","",INDEX('Inventory - P01'!$K$16:$K$27,(INT((X33-1)/4)+1))-SUMPRODUCT(($B$10:$B$61=B33)*(($I$10:$I$61<>"")+($K$10:$K$61<>"")+($M$10:$M$61<>"")+($O$10:$O$61<>"")+($Q$10:$Q$61<>"")+($S$10:$S$61<>"")+($U$10:$U$61<>""))))} | E33: {=IF(X33="","",INDEX('Inventory - P01'!$D$16:$D$27,(INT((X33-1)/4)+1)))} | F33: {=IF(X33="","",INDEX('Inventory - P01'!$E$16:$E$27,(INT((X33-1)/4)+1)))} | G33: {=IF(X33="","",INDEX('Inventory - P01'!$I$16:$I$27,(INT((X33-1)/4)+1)))} | H33: {=IF(X33="","",INDEX('Inventory - P01'!$J$16:$J$27,(INT((X33-1)/4)+1)))} | W33: =SMALL($AA$67:$AA$114,10) -> 9 | X33: =IF(W33<9,MATCH(W33,$AA$67:$AA$114,0),"")
A34: =IF(W34<9,TEXT(W34,"h:mm AM/PM"),"") | B34: =IF(X34="","",(INT((X34-1)/4)+1)) | C34: {=IF(X34="","",INDEX('Inventory - P01'!$B$16:$B$27,(INT((X34-1)/4)+1))&IF(INDEX('Inventory - P01'!$C$16:$C$27,(INT((X34-1)/4)+1))="",""," ("&INDEX('Inventory - P01'!$C$16:$C$27,(INT((X34-1)/4)+1))&" mg)"))} | D34: {=IF(X34="","",INDEX('Inventory - P01'!$K$16:$K$27,(INT((X34-1)/4)+1))-SUMPRODUCT(($B$10:$B$61=B34)*(($I$10:$I$61<>"")+($K$10:$K$61<>"")+($M$10:$M$61<>"")+($O$10:$O$61<>"")+($Q$10:$Q$61<>"")+($S$10:$S$61<>"")+($U$10:$U$61<>""))))} | E34: {=IF(X34="","",INDEX('Inventory - P01'!$D$16:$D$27,(INT((X34-1)/4)+1)))} | F34: {=IF(X34="","",INDEX('Inventory - P01'!$E$16:$E$27,(INT((X34-1)/4)+1)))} | G34: {=IF(X34="","",INDEX('Inventory - P01'!$I$16:$I$27,(INT((X34-1)/4)+1)))} | H34: {=IF(X34="","",INDEX('Inventory - P01'!$J$16:$J$27,(INT((X34-1)/4)+1)))} | W34: =SMALL($AA$67:$AA$114,11) -> 9 | X34: =IF(W34<9,MATCH(W34,$AA$67:$AA$114,0),"")
A35: =IF(W35<9,TEXT(W35,"h:mm AM/PM"),"") | B35: =IF(X35="","",(INT((X35-1)/4)+1)) | C35: {=IF(X35="","",INDEX('Inventory - P01'!$B$16:$B$27,(INT((X35-1)/4)+1))&IF(INDEX('Inventory - P01'!$C$16:$C$27,(INT((X35-1)/4)+1))="",""," ("&INDEX('Inventory - P01'!$C$16:$C$27,(INT((X35-1)/4)+1))&" mg)"))} | D35: {=IF(X35="","",INDEX('Inventory - P01'!$K$16:$K$27,(INT((X35-1)/4)+1))-SUMPRODUCT(($B$10:$B$61=B35)*(($I$10:$I$61<>"")+($K$10:$K$61<>"")+($M$10:$M$61<>"")+($O$10:$O$61<>"")+($Q$10:$Q$61<>"")+($S$10:$S$61<>"")+($U$10:$U$61<>""))))} | E35: {=IF(X35="","",INDEX('Inventory - P01'!$D$16:$D$27,(INT((X35-1)/4)+1)))} | F35: {=IF(X35="","",INDEX('Inventory - P01'!$E$16:$E$27,(INT((X35-1)/4)+1)))} | G35: {=IF(X35="","",INDEX('Inventory - P01'!$I$16:$I$27,(INT((X35-1)/4)+1)))} | H35: {=IF(X35="","",INDEX('Inventory - P01'!$J$16:$J$27,(INT((X35-1)/4)+1)))} | W35: =SMALL($AA$67:$AA$114,12) -> 9 | X35: =IF(W35<9,MATCH(W35,$AA$67:$AA$114,0),"")
A36: Time Slot 3 (5 PM–7 PM)
A37: =IF(W37<9,TEXT(W37,"h:mm AM/PM"),"") | B37: =IF(X37="","",(INT((X37-1)/4)+1)) | C37: {=IF(X37="","",INDEX('Inventory - P01'!$B$16:$B$27,(INT((X37-1)/4)+1))&IF(INDEX('Inventory - P01'!$C$16:$C$27,(INT((X37-1)/4)+1))="",""," ("&INDEX('Inventory - P01'!$C$16:$C$27,(INT((X37-1)/4)+1))&" mg)"))} | D37: {=IF(X37="","",INDEX('Inventory - P01'!$K$16:$K$27,(INT((X37-1)/4)+1))-SUMPRODUCT(($B$10:$B$61=B37)*(($I$10:$I$61<>"")+($K$10:$K$61<>"")+($M$10:$M$61<>"")+($O$10:$O$61<>"")+($Q$10:$Q$61<>"")+($S$10:$S$61<>"")+($U$10:$U$61<>""))))} | E37: {=IF(X37="","",INDEX('Inventory - P01'!$D$16:$D$27,(INT((X37-1)/4)+1)))} | F37: {=IF(X37="","",INDEX('Inventory - P01'!$E$16:$E$27,(INT((X37-1)/4)+1)))} | G37: {=IF(X37="","",INDEX('Inventory - P01'!$I$16:$I$27,(INT((X37-1)/4)+1)))} | H37: {=IF(X37="","",INDEX('Inventory - P01'!$J$16:$J$27,(INT((X37-1)/4)+1)))} | W37: =SMALL($AB$67:$AB$114,1) -> 9 | X37: =IF(W37<9,MATCH(W37,$AB$67:$AB$114,0),"")
A38: =IF(W38<9,TEXT(W38,"h:mm AM/PM"),"") | B38: =IF(X38="","",(INT((X38-1)/4)+1)) | C38: {=IF(X38="","",INDEX('Inventory - P01'!$B$16:$B$27,(INT((X38-1)/4)+1))&IF(INDEX('Inventory - P01'!$C$16:$C$27,(INT((X38-1)/4)+1))="",""," ("&INDEX('Inventory - P01'!$C$16:$C$27,(INT((X38-1)/4)+1))&" mg)"))} | D38: {=IF(X38="","",INDEX('Inventory - P01'!$K$16:$K$27,(INT((X38-1)/4)+1))-SUMPRODUCT(($B$10:$B$61=B38)*(($I$10:$I$61<>"")+($K$10:$K$61<>"")+($M$10:$M$61<>"")+($O$10:$O$61<>"")+($Q$10:$Q$61<>"")+($S$10:$S$61<>"")+($U$10:$U$61<>""))))} | E38: {=IF(X38="","",INDEX('Inventory - P01'!$D$16:$D$27,(INT((X38-1)/4)+1)))} | F38: {=IF(X38="","",INDEX('Inventory - P01'!$E$16:$E$27,(INT((X38-1)/4)+1)))} | G38: {=IF(X38="","",INDEX('Inventory - P01'!$I$16:$I$27,(INT((X38-1)/4)+1)))} | H38: {=IF(X38="","",INDEX('Inventory - P01'!$J$16:$J$27,(INT((X38-1)/4)+1)))} | W38: =SMALL($AB$67:$AB$114,2) -> 9 | X38: =IF(W38<9,MATCH(W38,$AB$67:$AB$114,0),"")
A39: =IF(W39<9,TEXT(W39,"h:mm AM/PM"),"") | B39: =IF(X39="","",(INT((X39-1)/4)+1)) | C39: {=IF(X39="","",INDEX('Inventory - P01'!$B$16:$B$27,(INT((X39-1)/4)+1))&IF(INDEX('Inventory - P01'!$C$16:$C$27,(INT((X39-1)/4)+1))="",""," ("&INDEX('Inventory - P01'!$C$16:$C$27,(INT((X39-1)/4)+1))&" mg)"))} | D39: {=IF(X39="","",INDEX('Inventory - P01'!$K$16:$K$27,(INT((X39-1)/4)+1))-SUMPRODUCT(($B$10:$B$61=B39)*(($I$10:$I$61<>"")+($K$10:$K$61<>"")+($M$10:$M$61<>"")+($O$10:$O$61<>"")+($Q$10:$Q$61<>"")+($S$10:$S$61<>"")+($U$10:$U$61<>""))))} | E39: {=IF(X39="","",INDEX('Inventory - P01'!$D$16:$D$27,(INT((X39-1)/4)+1)))} | F39: {=IF(X39="","",INDEX('Inventory - P01'!$E$16:$E$27,(INT((X39-1)/4)+1)))} | G39: {=IF(X39="","",INDEX('Inventory - P01'!$I$16:$I$27,(INT((X39-1)/4)+1)))} | H39: {=IF(X39="","",INDEX('Inventory - P01'!$J$16:$J$27,(INT((X39-1)/4)+1)))} | W39: =SMALL($AB$67:$AB$114,3) -> 9 | X39: =IF(W39<9,MATCH(W39,$AB$67:$AB$114,0),"")
A40: =IF(W40<9,TEXT(W40,"h:mm AM/PM"),"") | B40: =IF(X40="","",(INT((X40-1)/4)+1)) | C40: {=IF(X40="","",INDEX('Inventory - P01'!$B$16:$B$27,(INT((X40-1)/4)+1))&IF(INDEX('Inventory - P01'!$C$16:$C$27,(INT((X40-1)/4)+1))="",""," ("&INDEX('Inventory - P01'!$C$16:$C$27,(INT((X40-1)/4)+1))&" mg)"))} | D40: {=IF(X40="","",INDEX('Inventory - P01'!$K$16:$K$27,(INT((X40-1)/4)+1))-SUMPRODUCT(($B$10:$B$61=B40)*(($I$10:$I$61<>"")+($K$10:$K$61<>"")+($M$10:$M$61<>"")+($O$10:$O$61<>"")+($Q$10:$Q$61<>"")+($S$10:$S$61<>"")+($U$10:$U$61<>""))))} | E40: {=IF(X40="","",INDEX('Inventory - P01'!$D$16:$D$27,(INT((X40-1)/4)+1)))} | F40: {=IF(X40="","",INDEX('Inventory - P01'!$E$16:$E$27,(INT((X40-1)/4)+1)))} | G40: {=IF(X40="","",INDEX('Inventory - P01'!$I$16:$I$27,(INT((X40-1)/4)+1)))} | H40: {=IF(X40="","",INDEX('Inventory - P01'!$J$16:$J$27,(INT((X40-1)/4)+1)))} | W40: =SMALL($AB$67:$AB$114,4) -> 9 | X40: =IF(W40<9,MATCH(W40,$AB$67:$AB$114,0),"")
A41: =IF(W41<9,TEXT(W41,"h:mm AM/PM"),"") | B41: =IF(X41="","",(INT((X41-1)/4)+1)) | C41: {=IF(X41="","",INDEX('Inventory - P01'!$B$16:$B$27,(INT((X41-1)/4)+1))&IF(INDEX('Inventory - P01'!$C$16:$C$27,(INT((X41-1)/4)+1))="",""," ("&INDEX('Inventory - P01'!$C$16:$C$27,(INT((X41-1)/4)+1))&" mg)"))} | D41: {=IF(X41="","",INDEX('Inventory - P01'!$K$16:$K$27,(INT((X41-1)/4)+1))-SUMPRODUCT(($B$10:$B$61=B41)*(($I$10:$I$61<>"")+($K$10:$K$61<>"")+($M$10:$M$61<>"")+($O$10:$O$61<>"")+($Q$10:$Q$61<>"")+($S$10:$S$61<>"")+($U$10:$U$61<>""))))} | E41: {=IF(X41="","",INDEX('Inventory - P01'!$D$16:$D$27,(INT((X41-1)/4)+1)))} | F41: {=IF(X41="","",INDEX('Inventory - P01'!$E$16:$E$27,(INT((X41-1)/4)+1)))} | G41: {=IF(X41="","",INDEX('Inventory - P01'!$I$16:$I$27,(INT((X41-1)/4)+1)))} | H41: {=IF(X41="","",INDEX('Inventory - P01'!$J$16:$J$27,(INT((X41-1)/4)+1)))} | W41: =SMALL($AB$67:$AB$114,5) -> 9 | X41: =IF(W41<9,MATCH(W41,$AB$67:$AB$114,0),"")
A42: =IF(W42<9,TEXT(W42,"h:mm AM/PM"),"") | B42: =IF(X42="","",(INT((X42-1)/4)+1)) | C42: {=IF(X42="","",INDEX('Inventory - P01'!$B$16:$B$27,(INT((X42-1)/4)+1))&IF(INDEX('Inventory - P01'!$C$16:$C$27,(INT((X42-1)/4)+1))="",""," ("&INDEX('Inventory - P01'!$C$16:$C$27,(INT((X42-1)/4)+1))&" mg)"))} | D42: {=IF(X42="","",INDEX('Inventory - P01'!$K$16:$K$27,(INT((X42-1)/4)+1))-SUMPRODUCT(($B$10:$B$61=B42)*(($I$10:$I$61<>"")+($K$10:$K$61<>"")+($M$10:$M$61<>"")+($O$10:$O$61<>"")+($Q$10:$Q$61<>"")+($S$10:$S$61<>"")+($U$10:$U$61<>""))))} | E42: {=IF(X42="","",INDEX('Inventory - P01'!$D$16:$D$27,(INT((X42-1)/4)+1)))} | F42: {=IF(X42="","",INDEX('Inventory - P01'!$E$16:$E$27,(INT((X42-1)/4)+1)))} | G42: {=IF(X42="","",INDEX('Inventory - P01'!$I$16:$I$27,(INT((X42-1)/4)+1)))} | H42: {=IF(X42="","",INDEX('Inventory - P01'!$J$16:$J$27,(INT((X42-1)/4)+1)))} | W42: =SMALL($AB$67:$AB$114,6) -> 9 | X42: =IF(W42<9,MATCH(W42,$AB$67:$AB$114,0),"")
A43: =IF(W43<9,TEXT(W43,"h:mm AM/PM"),"") | B43: =IF(X43="","",(INT((X43-1)/4)+1)) | C43: {=IF(X43="","",INDEX('Inventory - P01'!$B$16:$B$27,(INT((X43-1)/4)+1))&IF(INDEX('Inventory - P01'!$C$16:$C$27,(INT((X43-1)/4)+1))="",""," ("&INDEX('Inventory - P01'!$C$16:$C$27,(INT((X43-1)/4)+1))&" mg)"))} | D43: {=IF(X43="","",INDEX('Inventory - P01'!$K$16:$K$27,(INT((X43-1)/4)+1))-SUMPRODUCT(($B$10:$B$61=B43)*(($I$10:$I$61<>"")+($K$10:$K$61<>"")+($M$10:$M$61<>"")+($O$10:$O$61<>"")+($Q$10:$Q$61<>"")+($S$10:$S$61<>"")+($U$10:$U$61<>""))))} | E43: {=IF(X43="","",INDEX('Inventory - P01'!$D$16:$D$27,(INT((X43-1)/4)+1)))} | F43: {=IF(X43="","",INDEX('Inventory - P01'!$E$16:$E$27,(INT((X43-1)/4)+1)))} | G43: {=IF(X43="","",INDEX('Inventory - P01'!$I$16:$I$27,(INT((X43-1)/4)+1)))} | H43: {=IF(X43="","",INDEX('Inventory - P01'!$J$16:$J$27,(INT((X43-1)/4)+1)))} | W43: =SMALL($AB$67:$AB$114,7) -> 9 | X43: =IF(W43<9,MATCH(W43,$AB$67:$AB$114,0),"")
A44: =IF(W44<9,TEXT(W44,"h:mm AM/PM"),"") | B44: =IF(X44="","",(INT((X44-1)/4)+1)) | C44: {=IF(X44="","",INDEX('Inventory - P01'!$B$16:$B$27,(INT((X44-1)/4)+1))&IF(INDEX('Inventory - P01'!$C$16:$C$27,(INT((X44-1)/4)+1))="",""," ("&INDEX('Inventory - P01'!$C$16:$C$27,(INT((X44-1)/4)+1))&" mg)"))} | D44: {=IF(X44="","",INDEX('Inventory - P01'!$K$16:$K$27,(INT((X44-1)/4)+1))-SUMPRODUCT(($B$10:$B$61=B44)*(($I$10:$I$61<>"")+($K$10:$K$61<>"")+($M$10:$M$61<>"")+($O$10:$O$61<>"")+($Q$10:$Q$61<>"")+($S$10:$S$61<>"")+($U$10:$U$61<>""))))} | E44: {=IF(X44="","",INDEX('Inventory - P01'!$D$16:$D$27,(INT((X44-1)/4)+1)))} | F44: {=IF(X44="","",INDEX('Inventory - P01'!$E$16:$E$27,(INT((X44-1)/4)+1)))} | G44: {=IF(X44="","",INDEX('Inventory - P01'!$I$16:$I$27,(INT((X44-1)/4)+1)))} | H44: {=IF(X44="","",INDEX('Inventory - P01'!$J$16:$J$27,(INT((X44-1)/4)+1)))} | W44: =SMALL($AB$67:$AB$114,8) -> 9 | X44: =IF(W44<9,MATCH(W44,$AB$67:$AB$114,0),"")
A45: =IF(W45<9,TEXT(W45,"h:mm AM/PM"),"") | B45: =IF(X45="","",(INT((X45-1)/4)+1)) | C45: {=IF(X45="","",INDEX('Inventory - P01'!$B$16:$B$27,(INT((X45-1)/4)+1))&IF(INDEX('Inventory - P01'!$C$16:$C$27,(INT((X45-1)/4)+1))="",""," ("&INDEX('Inventory - P01'!$C$16:$C$27,(INT((X45-1)/4)+1))&" mg)"))} | D45: {=IF(X45="","",INDEX('Inventory - P01'!$K$16:$K$27,(INT((X45-1)/4)+1))-SUMPRODUCT(($B$10:$B$61=B45)*(($I$10:$I$61<>"")+($K$10:$K$61<>"")+($M$10:$M$61<>"")+($O$10:$O$61<>"")+($Q$10:$Q$61<>"")+($S$10:$S$61<>"")+($U$10:$U$61<>""))))} | E45: {=IF(X45="","",INDEX('Inventory - P01'!$D$16:$D$27,(INT((X45-1)/4)+1)))} | F45: {=IF(X45="","",INDEX('Inventory - P01'!$E$16:$E$27,(INT((X45-1)/4)+1)))} | G45: {=IF(X45="","",INDEX('Inventory - P01'!$I$16:$I$27,(INT((X45-1)/4)+1)))} | H45: {=IF(X45="","",INDEX('Inventory - P01'!$J$16:$J$27,(INT((X45-1)/4)+1)))} | W45: =SMALL($AB$67:$AB$114,9) -> 9 | X45: =IF(W45<9,MATCH(W45,$AB$67:$AB$114,0),"")
A46: =IF(W46<9,TEXT(W46,"h:mm AM/PM"),"") | B46: =IF(X46="","",(INT((X46-1)/4)+1)) | C46: {=IF(X46="","",INDEX('Inventory - P01'!$B$16:$B$27,(INT((X46-1)/4)+1))&IF(INDEX('Inventory - P01'!$C$16:$C$27,(INT((X46-1)/4)+1))="",""," ("&INDEX('Inventory - P01'!$C$16:$C$27,(INT((X46-1)/4)+1))&" mg)"))} | D46: {=IF(X46="","",INDEX('Inventory - P01'!$K$16:$K$27,(INT((X46-1)/4)+1))-SUMPRODUCT(($B$10:$B$61=B46)*(($I$10:$I$61<>"")+($K$10:$K$61<>"")+($M$10:$M$61<>"")+($O$10:$O$61<>"")+($Q$10:$Q$61<>"")+($S$10:$S$61<>"")+($U$10:$U$61<>""))))} | E46: {=IF(X46="","",INDEX('Inventory - P01'!$D$16:$D$27,(INT((X46-1)/4)+1)))} | F46: {=IF(X46="","",INDEX('Inventory - P01'!$E$16:$E$27,(INT((X46-1)/4)+1)))} | G46: {=IF(X46="","",INDEX('Inventory - P01'!$I$16:$I$27,(INT((X46-1)/4)+1)))} | H46: {=IF(X46="","",INDEX('Inventory - P01'!$J$16:$J$27,(INT((X46-1)/4)+1)))} | W46: =SMALL($AB$67:$AB$114,10) -> 9 | X46: =IF(W46<9,MATCH(W46,$AB$67:$AB$114,0),"")
A47: =IF(W47<9,TEXT(W47,"h:mm AM/PM"),"") | B47: =IF(X47="","",(INT((X47-1)/4)+1)) | C47: {=IF(X47="","",INDEX('Inventory - P01'!$B$16:$B$27,(INT((X47-1)/4)+1))&IF(INDEX('Inventory - P01'!$C$16:$C$27,(INT((X47-1)/4)+1))="",""," ("&INDEX('Inventory - P01'!$C$16:$C$27,(INT((X47-1)/4)+1))&" mg)"))} | D47: {=IF(X47="","",INDEX('Inventory - P01'!$K$16:$K$27,(INT((X47-1)/4)+1))-SUMPRODUCT(($B$10:$B$61=B47)*(($I$10:$I$61<>"")+($K$10:$K$61<>"")+($M$10:$M$61<>"")+($O$10:$O$61<>"")+($Q$10:$Q$61<>"")+($S$10:$S$61<>"")+($U$10:$U$61<>""))))} | E47: {=IF(X47="","",INDEX('Inventory - P01'!$D$16:$D$27,(INT((X47-1)/4)+1)))} | F47: {=IF(X47="","",INDEX('Inventory - P01'!$E$16:$E$27,(INT((X47-1)/4)+1)))} | G47: {=IF(X47="","",INDEX('Inventory - P01'!$I$16:$I$27,(INT((X47-1)/4)+1)))} | H47: {=IF(X47="","",INDEX('Inventory - P01'!$J$16:$J$27,(INT((X47-1)/4)+1)))} | W47: =SMALL($AB$67:$AB$114,11) -> 9 | X47: =IF(W47<9,MATCH(W47,$AB$67:$AB$114,0),"")
A48: =IF(W48<9,TEXT(W48,"h:mm AM/PM"),"") | B48: =IF(X48="","",(INT((X48-1)/4)+1)) | C48: {=IF(X48="","",INDEX('Inventory - P01'!$B$16:$B$27,(INT((X48-1)/4)+1))&IF(INDEX('Inventory - P01'!$C$16:$C$27,(INT((X48-1)/4)+1))="",""," ("&INDEX('Inventory - P01'!$C$16:$C$27,(INT((X48-1)/4)+1))&" mg)"))} | D48: {=IF(X48="","",INDEX('Inventory - P01'!$K$16:$K$27,(INT((X48-1)/4)+1))-SUMPRODUCT(($B$10:$B$61=B48)*(($I$10:$I$61<>"")+($K$10:$K$61<>"")+($M$10:$M$61<>"")+($O$10:$O$61<>"")+($Q$10:$Q$61<>"")+($S$10:$S$61<>"")+($U$10:$U$61<>""))))} | E48: {=IF(X48="","",INDEX('Inventory - P01'!$D$16:$D$27,(INT((X48-1)/4)+1)))} | F48: {=IF(X48="","",INDEX('Inventory - P01'!$E$16:$E$27,(INT((X48-1)/4)+1)))} | G48: {=IF(X48="","",INDEX('Inventory - P01'!$I$16:$I$27,(INT((X48-1)/4)+1)))} | H48: {=IF(X48="","",INDEX('Inventory - P01'!$J$16:$J$27,(INT((X48-1)/4)+1)))} | W48: =SMALL($AB$67:$AB$114,12) -> 9 | X48: =IF(W48<9,MATCH(W48,$AB$67:$AB$114,0),"")
A49: Time Slot 4 (8 PM–5 AM)
A50: =IF(W50<9,TEXT(W50,"h:mm AM/PM"),"") -> 8:00 PM | B50: =IF(X50="","",(INT((X50-1)/4)+1)) -> 1 | C50: {=IF(X50="","",INDEX('Inventory - P01'!$B$16:$B$27,(INT((X50-1)/4)+1))&IF(INDEX('Inventory - P01'!$C$16:$C$27,(INT((X50-1)/4)+1))="",""," ("&INDEX('Inventory - P01'!$C$16:$C$27,(INT((X50-1)/4)+1))&" mg)"))} -> Sertraline (Zoloft) | D50: {=IF(X50="","",INDEX('Inventory - P01'!$K$16:$K$27,(INT((X50-1)/4)+1))-SUMPRODUCT(($B$10:$B$61=B50)*(($I$10:$I$61<>"")+($K$10:$K$61<>"")+($M$10:$M$61<>"")+($O$10:$O$61<>"")+($Q$10:$Q$61<>"")+($S$10:$S$61<>"")+($U$10:$U$61<>""))))} -> 30 | E50: {=IF(X50="","",INDEX('Inventory - P01'!$D$16:$D$27,(INT((X50-1)/4)+1)))} -> PO | F50: {=IF(X50="","",INDEX('Inventory - P01'!$E$16:$E$27,(INT((X50-1)/4)+1)))} -> 4 | G50: {=IF(X50="","",INDEX('Inventory - P01'!$I$16:$I$27,(INT((X50-1)/4)+1)))} -> Y | H50: {=IF(X50="","",INDEX('Inventory - P01'!$J$16:$J$27,(INT((X50-1)/4)+1)))} -> Physical | W50: =SMALL($AC$67:$AC$114,1) -> 0.83333334 | X50: =IF(W50<9,MATCH(W50,$AC$67:$AC$114,0),"") -> 4
A51: =IF(W51<9,TEXT(W51,"h:mm AM/PM"),"") | B51: =IF(X51="","",(INT((X51-1)/4)+1)) | C51: {=IF(X51="","",INDEX('Inventory - P01'!$B$16:$B$27,(INT((X51-1)/4)+1))&IF(INDEX('Inventory - P01'!$C$16:$C$27,(INT((X51-1)/4)+1))="",""," ("&INDEX('Inventory - P01'!$C$16:$C$27,(INT((X51-1)/4)+1))&" mg)"))} | D51: {=IF(X51="","",INDEX('Inventory - P01'!$K$16:$K$27,(INT((X51-1)/4)+1))-SUMPRODUCT(($B$10:$B$61=B51)*(($I$10:$I$61<>"")+($K$10:$K$61<>"")+($M$10:$M$61<>"")+($O$10:$O$61<>"")+($Q$10:$Q$61<>"")+($S$10:$S$61<>"")+($U$10:$U$61<>""))))} | E51: {=IF(X51="","",INDEX('Inventory - P01'!$D$16:$D$27,(INT((X51-1)/4)+1)))} | F51: {=IF(X51="","",INDEX('Inventory - P01'!$E$16:$E$27,(INT((X51-1)/4)+1)))} | G51: {=IF(X51="","",INDEX('Inventory - P01'!$I$16:$I$27,(INT((X51-1)/4)+1)))} | H51: {=IF(X51="","",INDEX('Inventory - P01'!$J$16:$J$27,(INT((X51-1)/4)+1)))} | W51: =SMALL($AC$67:$AC$114,2) -> 9 | X51: =IF(W51<9,MATCH(W51,$AC$67:$AC$114,0),"")
A52: =IF(W52<9,TEXT(W52,"h:mm AM/PM"),"") | B52: =IF(X52="","",(INT((X52-1)/4)+1)) | C52: {=IF(X52="","",INDEX('Inventory - P01'!$B$16:$B$27,(INT((X52-1)/4)+1))&IF(INDEX('Inventory - P01'!$C$16:$C$27,(INT((X52-1)/4)+1))="",""," ("&INDEX('Inventory - P01'!$C$16:$C$27,(INT((X52-1)/4)+1))&" mg)"))} | D52: {=IF(X52="","",INDEX('Inventory - P01'!$K$16:$K$27,(INT((X52-1)/4)+1))-SUMPRODUCT(($B$10:$B$61=B52)*(($I$10:$I$61<>"")+($K$10:$K$61<>"")+($M$10:$M$61<>"")+($O$10:$O$61<>"")+($Q$10:$Q$61<>"")+($S$10:$S$61<>"")+($U$10:$U$61<>""))))} | E52: {=IF(X52="","",INDEX('Inventory - P01'!$D$16:$D$27,(INT((X52-1)/4)+1)))} | F52: {=IF(X52="","",INDEX('Inventory - P01'!$E$16:$E$27,(INT((X52-1)/4)+1)))} | G52: {=IF(X52="","",INDEX('Inventory - P01'!$I$16:$I$27,(INT((X52-1)/4)+1)))} | H52: {=IF(X52="","",INDEX('Inventory - P01'!$J$16:$J$27,(INT((X52-1)/4)+1)))} | W52: =SMALL($AC$67:$AC$114,3) -> 9 | X52: =IF(W52<9,MATCH(W52,$AC$67:$AC$114,0),"")
A53: =IF(W53<9,TEXT(W53,"h:mm AM/PM"),"") | B53: =IF(X53="","",(INT((X53-1)/4)+1)) | C53: {=IF(X53="","",INDEX('Inventory - P01'!$B$16:$B$27,(INT((X53-1)/4)+1))&IF(INDEX('Inventory - P01'!$C$16:$C$27,(INT((X53-1)/4)+1))="",""," ("&INDEX('Inventory - P01'!$C$16:$C$27,(INT((X53-1)/4)+1))&" mg)"))} | D53: {=IF(X53="","",INDEX('Inventory - P01'!$K$16:$K$27,(INT((X53-1)/4)+1))-SUMPRODUCT(($B$10:$B$61=B53)*(($I$10:$I$61<>"")+($K$10:$K$61<>"")+($M$10:$M$61<>"")+($O$10:$O$61<>"")+($Q$10:$Q$61<>"")+($S$10:$S$61<>"")+($U$10:$U$61<>""))))} | E53: {=IF(X53="","",INDEX('Inventory - P01'!$D$16:$D$27,(INT((X53-1)/4)+1)))} | F53: {=IF(X53="","",INDEX('Inventory - P01'!$E$16:$E$27,(INT((X53-1)/4)+1)))} | G53: {=IF(X53="","",INDEX('Inventory - P01'!$I$16:$I$27,(INT((X53-1)/4)+1)))} | H53: {=IF(X53="","",INDEX('Inventory - P01'!$J$16:$J$27,(INT((X53-1)/4)+1)))} | W53: =SMALL($AC$67:$AC$114,4) -> 9 | X53: =IF(W53<9,MATCH(W53,$AC$67:$AC$114,0),"")
A54: =IF(W54<9,TEXT(W54,"h:mm AM/PM"),"") | B54: =IF(X54="","",(INT((X54-1)/4)+1)) | C54: {=IF(X54="","",INDEX('Inventory - P01'!$B$16:$B$27,(INT((X54-1)/4)+1))&IF(INDEX('Inventory - P01'!$C$16:$C$27,(INT((X54-1)/4)+1))="",""," ("&INDEX('Inventory - P01'!$C$16:$C$27,(INT((X54-1)/4)+1))&" mg)"))} | D54: {=IF(X54="","",INDEX('Inventory - P01'!$K$16:$K$27,(INT((X54-1)/4)+1))-SUMPRODUCT(($B$10:$B$61=B54)*(($I$10:$I$61<>"")+($K$10:$K$61<>"")+($M$10:$M$61<>"")+($O$10:$O$61<>"")+($Q$10:$Q$61<>"")+($S$10:$S$61<>"")+($U$10:$U$61<>""))))} | E54: {=IF(X54="","",INDEX('Inventory - P01'!$D$16:$D$27,(INT((X54-1)/4)+1)))} | F54: {=IF(X54="","",INDEX('Inventory - P01'!$E$16:$E$27,(INT((X54-1)/4)+1)))} | G54: {=IF(X54="","",INDEX('Inventory - P01'!$I$16:$I$27,(INT((X54-1)/4)+1)))} | H54: {=IF(X54="","",INDEX('Inventory - P01'!$J$16:$J$27,(INT((X54-1)/4)+1)))} | W54: =SMALL($AC$67:$AC$114,5) -> 9 | X54: =IF(W54<9,MATCH(W54,$AC$67:$AC$114,0),"")
A55: =IF(W55<9,TEXT(W55,"h:mm AM/PM"),"") | B55: =IF(X55="","",(INT((X55-1)/4)+1)) | C55: {=IF(X55="","",INDEX('Inventory - P01'!$B$16:$B$27,(INT((X55-1)/4)+1))&IF(INDEX('Inventory - P01'!$C$16:$C$27,(INT((X55-1)/4)+1))="",""," ("&INDEX('Inventory - P01'!$C$16:$C$27,(INT((X55-1)/4)+1))&" mg)"))} | D55: {=IF(X55="","",INDEX('Inventory - P01'!$K$16:$K$27,(INT((X55-1)/4)+1))-SUMPRODUCT(($B$10:$B$61=B55)*(($I$10:$I$61<>"")+($K$10:$K$61<>"")+($M$10:$M$61<>"")+($O$10:$O$61<>"")+($Q$10:$Q$61<>"")+($S$10:$S$61<>"")+($U$10:$U$61<>""))))} | E55: {=IF(X55="","",INDEX('Inventory - P01'!$D$16:$D$27,(INT((X55-1)/4)+1)))} | F55: {=IF(X55="","",INDEX('Inventory - P01'!$E$16:$E$27,(INT((X55-1)/4)+1)))} | G55: {=IF(X55="","",INDEX('Inventory - P01'!$I$16:$I$27,(INT((X55-1)/4)+1)))} | H55: {=IF(X55="","",INDEX('Inventory - P01'!$J$16:$J$27,(INT((X55-1)/4)+1)))} | W55: =SMALL($AC$67:$AC$114,6) -> 9 | X55: =IF(W55<9,MATCH(W55,$AC$67:$AC$114,0),"")
A56: =IF(W56<9,TEXT(W56,"h:mm AM/PM"),"") | B56: =IF(X56="","",(INT((X56-1)/4)+1)) | C56: {=IF(X56="","",INDEX('Inventory - P01'!$B$16:$B$27,(INT((X56-1)/4)+1))&IF(INDEX('Inventory - P01'!$C$16:$C$27,(INT((X56-1)/4)+1))="",""," ("&INDEX('Inventory - P01'!$C$16:$C$27,(INT((X56-1)/4)+1))&" mg)"))} | D56: {=IF(X56="","",INDEX('Inventory - P01'!$K$16:$K$27,(INT((X56-1)/4)+1))-SUMPRODUCT(($B$10:$B$61=B56)*(($I$10:$I$61<>"")+($K$10:$K$61<>"")+($M$10:$M$61<>"")+($O$10:$O$61<>"")+($Q$10:$Q$61<>"")+($S$10:$S$61<>"")+($U$10:$U$61<>""))))} | E56: {=IF(X56="","",INDEX('Inventory - P01'!$D$16:$D$27,(INT((X56-1)/4)+1)))} | F56: {=IF(X56="","",INDEX('Inventory - P01'!$E$16:$E$27,(INT((X56-1)/4)+1)))} | G56: {=IF(X56="","",INDEX('Inventory - P01'!$I$16:$I$27,(INT((X56-1)/4)+1)))} | H56: {=IF(X56="","",INDEX('Inventory - P01'!$J$16:$J$27,(INT((X56-1)/4)+1)))} | W56: =SMALL($AC$67:$AC$114,7) -> 9 | X56: =IF(W56<9,MATCH(W56,$AC$67:$AC$114,0),"")
A57: =IF(W57<9,TEXT(W57,"h:mm AM/PM"),"") | B57: =IF(X57="","",(INT((X57-1)/4)+1)) | C57: {=IF(X57="","",INDEX('Inventory - P01'!$B$16:$B$27,(INT((X57-1)/4)+1))&IF(INDEX('Inventory - P01'!$C$16:$C$27,(INT((X57-1)/4)+1))="",""," ("&INDEX('Inventory - P01'!$C$16:$C$27,(INT((X57-1)/4)+1))&" mg)"))} | D57: {=IF(X57="","",INDEX('Inventory - P01'!$K$16:$K$27,(INT((X57-1)/4)+1))-SUMPRODUCT(($B$10:$B$61=B57)*(($I$10:$I$61<>"")+($K$10:$K$61<>"")+($M$10:$M$61<>"")+($O$10:$O$61<>"")+($Q$10:$Q$61<>"")+($S$10:$S$61<>"")+($U$10:$U$61<>""))))} | E57: {=IF(X57="","",INDEX('Inventory - P01'!$D$16:$D$27,(INT((X57-1)/4)+1)))} | F57: {=IF(X57="","",INDEX('Inventory - P01'!$E$16:$E$27,(INT((X57-1)/4)+1)))} | G57: {=IF(X57="","",INDEX('Inventory - P01'!$I$16:$I$27,(INT((X57-1)/4)+1)))} | H57: {=IF(X57="","",INDEX('Inventory - P01'!$J$16:$J$27,(INT((X57-1)/4)+1)))} | W57: =SMALL($AC$67:$AC$114,8) -> 9 | X57: =IF(W57<9,MATCH(W57,$AC$67:$AC$114,0),"")
A58: =IF(W58<9,TEXT(W58,"h:mm AM/PM"),"") | B58: =IF(X58="","",(INT((X58-1)/4)+1)) | C58: {=IF(X58="","",INDEX('Inventory - P01'!$B$16:$B$27,(INT((X58-1)/4)+1))&IF(INDEX('Inventory - P01'!$C$16:$C$27,(INT((X58-1)/4)+1))="",""," ("&INDEX('Inventory - P01'!$C$16:$C$27,(INT((X58-1)/4)+1))&" mg)"))} | D58: {=IF(X58="","",INDEX('Inventory - P01'!$K$16:$K$27,(INT((X58-1)/4)+1))-SUMPRODUCT(($B$10:$B$61=B58)*(($I$10:$I$61<>"")+($K$10:$K$61<>"")+($M$10:$M$61<>"")+($O$10:$O$61<>"")+($Q$10:$Q$61<>"")+($S$10:$S$61<>"")+($U$10:$U$61<>""))))} | E58: {=IF(X58="","",INDEX('Inventory - P01'!$D$16:$D$27,(INT((X58-1)/4)+1)))} | F58: {=IF(X58="","",INDEX('Inventory - P01'!$E$16:$E$27,(INT((X58-1)/4)+1)))} | G58: {=IF(X58="","",INDEX('Inventory - P01'!$I$16:$I$27,(INT((X58-1)/4)+1)))} | H58: {=IF(X58="","",INDEX('Inventory - P01'!$J$16:$J$27,(INT((X58-1)/4)+1)))} | W58: =SMALL($AC$67:$AC$114,9) -> 9 | X58: =IF(W58<9,MATCH(W58,$AC$67:$AC$114,0),"")
A59: =IF(W59<9,TEXT(W59,"h:mm AM/PM"),"") | B59: =IF(X59="","",(INT((X59-1)/4)+1)) | C59: {=IF(X59="","",INDEX('Inventory - P01'!$B$16:$B$27,(INT((X59-1)/4)+1))&IF(INDEX('Inventory - P01'!$C$16:$C$27,(INT((X59-1)/4)+1))="",""," ("&INDEX('Inventory - P01'!$C$16:$C$27,(INT((X59-1)/4)+1))&" mg)"))} | D59: {=IF(X59="","",INDEX('Inventory - P01'!$K$16:$K$27,(INT((X59-1)/4)+1))-SUMPRODUCT(($B$10:$B$61=B59)*(($I$10:$I$61<>"")+($K$10:$K$61<>"")+($M$10:$M$61<>"")+($O$10:$O$61<>"")+($Q$10:$Q$61<>"")+($S$10:$S$61<>"")+($U$10:$U$61<>""))))} | E59: {=IF(X59="","",INDEX('Inventory - P01'!$D$16:$D$27,(INT((X59-1)/4)+1)))} | F59: {=IF(X59="","",INDEX('Inventory - P01'!$E$16:$E$27,(INT((X59-1)/4)+1)))} | G59: {=IF(X59="","",INDEX('Inventory - P01'!$I$16:$I$27,(INT((X59-1)/4)+1)))} | H59: {=IF(X59="","",INDEX('Inventory - P01'!$J$16:$J$27,(INT((X59-1)/4)+1)))} | W59: =SMALL($AC$67:$AC$114,10) -> 9 | X59: =IF(W59<9,MATCH(W59,$AC$67:$AC$114,0),"")
A60: =IF(W60<9,TEXT(W60,"h:mm AM/PM"),"") | B60: =IF(X60="","",(INT((X60-1)/4)+1)) | C60: {=IF(X60="","",INDEX('Inventory - P01'!$B$16:$B$27,(INT((X60-1)/4)+1))&IF(INDEX('Inventory - P01'!$C$16:$C$27,(INT((X60-1)/4)+1))="",""," ("&INDEX('Inventory - P01'!$C$16:$C$27,(INT((X60-1)/4)+1))&" mg)"))} | D60: {=IF(X60="","",INDEX('Inventory - P01'!$K$16:$K$27,(INT((X60-1)/4)+1))-SUMPRODUCT(($B$10:$B$61=B60)*(($I$10:$I$61<>"")+($K$10:$K$61<>"")+($M$10:$M$61<>"")+($O$10:$O$61<>"")+($Q$10:$Q$61<>"")+($S$10:$S$61<>"")+($U$10:$U$61<>""))))} | E60: {=IF(X60="","",INDEX('Inventory - P01'!$D$16:$D$27,(INT((X60-1)/4)+1)))} | F60: {=IF(X60="","",INDEX('Inventory - P01'!$E$16:$E$27,(INT((X60-1)/4)+1)))} | G60: {=IF(X60="","",INDEX('Inventory - P01'!$I$16:$I$27,(INT((X60-1)/4)+1)))} | H60: {=IF(X60="","",INDEX('Inventory - P01'!$J$16:$J$27,(INT((X60-1)/4)+1)))} | W60: =SMALL($AC$67:$AC$114,11) -> 9 | X60: =IF(W60<9,MATCH(W60,$AC$67:$AC$114,0),"")
A61: =IF(W61<9,TEXT(W61,"h:mm AM/PM"),"") | B61: =IF(X61="","",(INT((X61-1)/4)+1)) | C61: {=IF(X61="","",INDEX('Inventory - P01'!$B$16:$B$27,(INT((X61-1)/4)+1))&IF(INDEX('Inventory - P01'!$C$16:$C$27,(INT((X61-1)/4)+1))="",""," ("&INDEX('Inventory - P01'!$C$16:$C$27,(INT((X61-1)/4)+1))&" mg)"))} | D61: {=IF(X61="","",INDEX('Inventory - P01'!$K$16:$K$27,(INT((X61-1)/4)+1))-SUMPRODUCT(($B$10:$B$61=B61)*(($I$10:$I$61<>"")+($K$10:$K$61<>"")+($M$10:$M$61<>"")+($O$10:$O$61<>"")+($Q$10:$Q$61<>"")+($S$10:$S$61<>"")+($U$10:$U$61<>""))))} | E61: {=IF(X61="","",INDEX('Inventory - P01'!$D$16:$D$27,(INT((X61-1)/4)+1)))} | F61: {=IF(X61="","",INDEX('Inventory - P01'!$E$16:$E$27,(INT((X61-1)/4)+1)))} | G61: {=IF(X61="","",INDEX('Inventory - P01'!$I$16:$I$27,(INT((X61-1)/4)+1)))} | H61: {=IF(X61="","",INDEX('Inventory - P01'!$J$16:$J$27,(INT((X61-1)/4)+1)))} | W61: =SMALL($AC$67:$AC$114,12) -> 9 | X61: =IF(W61<9,MATCH(W61,$AC$67:$AC$114,0),"")
Y67: =IF(OR('Inventory - P01'!E16<1,'Inventory - P01'!F16="",'Inventory - P01'!G16=""),9,MOD('Inventory - P01'!F16+0*'Inventory - P01'!G16/24,1)) -> 0.33333333 | Z67: =IF(Y67=9,9,IF(AND(Y67>=6/24,Y67<12/24),Y67+0*0.000000001,9)) -> 0.33333333 | AA67: =IF(Y67=9,9,IF(AND(Y67>=12/24,Y67<17/24),Y67+0*0.000000001,9)) -> 9 | AB67: =IF(Y67=9,9,IF(AND(Y67>=17/24,Y67<20/24),Y67+0*0.000000001,9)) -> 9 | AC67: =IF(Y67=9,9,IF(OR(Y67>=20/24,Y67<6/24),Y67+0*0.000000001,9)) -> 9
Y68: =IF(OR('Inventory - P01'!E16<2,'Inventory - P01'!F16="",'Inventory - P01'!G16=""),9,MOD('Inventory - P01'!F16+1*'Inventory - P01'!G16/24,1)) -> 0.5 | Z68: =IF(Y68=9,9,IF(AND(Y68>=6/24,Y68<12/24),Y68+1*0.000000001,9)) -> 9 | AA68: =IF(Y68=9,9,IF(AND(Y68>=12/24,Y68<17/24),Y68+1*0.000000001,9)) -> 0.5 | AB68: =IF(Y68=9,9,IF(AND(Y68>=17/24,Y68<20/24),Y68+1*0.000000001,9)) -> 9 | AC68: =IF(Y68=9,9,IF(OR(Y68>=20/24,Y68<6/24),Y68+1*0.000000001,9)) -> 9
Y69: =IF(OR('Inventory - P01'!E16<3,'Inventory - P01'!F16="",'Inventory - P01'!G16=""),9,MOD('Inventory - P01'!F16+2*'Inventory - P01'!G16/24,1)) -> 0.66666667 | Z69: =IF(Y69=9,9,IF(AND(Y69>=6/24,Y69<12/24),Y69+2*0.000000001,9)) -> 9 | AA69: =IF(Y69=9,9,IF(AND(Y69>=12/24,Y69<17/24),Y69+2*0.000000001,9)) -> 0.66666667 | AB69: =IF(Y69=9,9,IF(AND(Y69>=17/24,Y69<20/24),Y69+2*0.000000001,9)) -> 9 | AC69: =IF(Y69=9,9,IF(OR(Y69>=20/24,Y69<6/24),Y69+2*0.000000001,9)) -> 9
Y70: =IF(OR('Inventory - P01'!E16<4,'Inventory - P01'!F16="",'Inventory - P01'!G16=""),9,MOD('Inventory - P01'!F16+3*'Inventory - P01'!G16/24,1)) -> 0.83333333 | Z70: =IF(Y70=9,9,IF(AND(Y70>=6/24,Y70<12/24),Y70+3*0.000000001,9)) -> 9 | AA70: =IF(Y70=9,9,IF(AND(Y70>=12/24,Y70<17/24),Y70+3*0.000000001,9)) -> 9 | AB70: =IF(Y70=9,9,IF(AND(Y70>=17/24,Y70<20/24),Y70+3*0.000000001,9)) -> 9 | AC70: =IF(Y70=9,9,IF(OR(Y70>=20/24,Y70<6/24),Y70+3*0.000000001,9)) -> 0.83333334
Y71: =IF(OR('Inventory - P01'!E17<1,'Inventory - P01'!F17="",'Inventory - P01'!G17=""),9,MOD('Inventory - P01'!F17+0*'Inventory - P01'!G17/24,1)) -> 9 | Z71: =IF(Y71=9,9,IF(AND(Y71>=6/24,Y71<12/24),Y71+4*0.000000001,9)) -> 9 | AA71: =IF(Y71=9,9,IF(AND(Y71>=12/24,Y71<17/24),Y71+4*0.000000001,9)) -> 9 | AB71: =IF(Y71=9,9,IF(AND(Y71>=17/24,Y71<20/24),Y71+4*0.000000001,9)) -> 9 | AC71: =IF(Y71=9,9,IF(OR(Y71>=20/24,Y71<6/24),Y71+4*0.000000001,9)) -> 9
Y72: =IF(OR('Inventory - P01'!E17<2,'Inventory - P01'!F17="",'Inventory - P01'!G17=""),9,MOD('Inventory - P01'!F17+1*'Inventory - P01'!G17/24,1)) -> 9 | Z72: =IF(Y72=9,9,IF(AND(Y72>=6/24,Y72<12/24),Y72+5*0.000000001,9)) -> 9 | AA72: =IF(Y72=9,9,IF(AND(Y72>=12/24,Y72<17/24),Y72+5*0.000000001,9)) -> 9 | AB72: =IF(Y72=9,9,IF(AND(Y72>=17/24,Y72<20/24),Y72+5*0.000000001,9)) -> 9 | AC72: =IF(Y72=9,9,IF(OR(Y72>=20/24,Y72<6/24),Y72+5*0.000000001,9)) -> 9
Y73: =IF(OR('Inventory - P01'!E17<3,'Inventory - P01'!F17="",'Inventory - P01'!G17=""),9,MOD('Inventory - P01'!F17+2*'Inventory - P01'!G17/24,1)) -> 9 | Z73: =IF(Y73=9,9,IF(AND(Y73>=6/24,Y73<12/24),Y73+6*0.000000001,9)) -> 9 | AA73: =IF(Y73=9,9,IF(AND(Y73>=12/24,Y73<17/24),Y73+6*0.000000001,9)) -> 9 | AB73: =IF(Y73=9,9,IF(AND(Y73>=17/24,Y73<20/24),Y73+6*0.000000001,9)) -> 9 | AC73: =IF(Y73=9,9,IF(OR(Y73>=20/24,Y73<6/24),Y73+6*0.000000001,9)) -> 9
Y74: =IF(OR('Inventory - P01'!E17<4,'Inventory - P01'!F17="",'Inventory - P01'!G17=""),9,MOD('Inventory - P01'!F17+3*'Inventory - P01'!G17/24,1)) -> 9 | Z74: =IF(Y74=9,9,IF(AND(Y74>=6/24,Y74<12/24),Y74+7*0.000000001,9)) -> 9 | AA74: =IF(Y74=9,9,IF(AND(Y74>=12/24,Y74<17/24),Y74+7*0.000000001,9)) -> 9 | AB74: =IF(Y74=9,9,IF(AND(Y74>=17/24,Y74<20/24),Y74+7*0.000000001,9)) -> 9 | AC74: =IF(Y74=9,9,IF(OR(Y74>=20/24,Y74<6/24),Y74+7*0.000000001,9)) -> 9
Y75: =IF(OR('Inventory - P01'!E18<1,'Inventory - P01'!F18="",'Inventory - P01'!G18=""),9,MOD('Inventory - P01'!F18+0*'Inventory - P01'!G18/24,1)) -> 9 | Z75: =IF(Y75=9,9,IF(AND(Y75>=6/24,Y75<12/24),Y75+8*0.000000001,9)) -> 9 | AA75: =IF(Y75=9,9,IF(AND(Y75>=12/24,Y75<17/24),Y75+8*0.000000001,9)) -> 9 | AB75: =IF(Y75=9,9,IF(AND(Y75>=17/24,Y75<20/24),Y75+8*0.000000001,9)) -> 9 | AC75: =IF(Y75=9,9,IF(OR(Y75>=20/24,Y75<6/24),Y75+8*0.000000001,9)) -> 9
Y76: =IF(OR('Inventory - P01'!E18<2,'Inventory - P01'!F18="",'Inventory - P01'!G18=""),9,MOD('Inventory - P01'!F18+1*'Inventory - P01'!G18/24,1)) -> 9 | Z76: =IF(Y76=9,9,IF(AND(Y76>=6/24,Y76<12/24),Y76+9*0.000000001,9)) -> 9 | AA76: =IF(Y76=9,9,IF(AND(Y76>=12/24,Y76<17/24),Y76+9*0.000000001,9)) -> 9 | AB76: =IF(Y76=9,9,IF(AND(Y76>=17/24,Y76<20/24),Y76+9*0.000000001,9)) -> 9 | AC76: =IF(Y76=9,9,IF(OR(Y76>=20/24,Y76<6/24),Y76+9*0.000000001,9)) -> 9
Y77: =IF(OR('Inventory - P01'!E18<3,'Inventory - P01'!F18="",'Inventory - P01'!G18=""),9,MOD('Inventory - P01'!F18+2*'Inventory - P01'!G18/24,1)) -> 9 | Z77: =IF(Y77=9,9,IF(AND(Y77>=6/24,Y77<12/24),Y77+10*0.000000001,9)) -> 9 | AA77: =IF(Y77=9,9,IF(AND(Y77>=12/24,Y77<17/24),Y77+10*0.000000001,9)) -> 9 | AB77: =IF(Y77=9,9,IF(AND(Y77>=17/24,Y77<20/24),Y77+10*0.000000001,9)) -> 9 | AC77: =IF(Y77=9,9,IF(OR(Y77>=20/24,Y77<6/24),Y77+10*0.000000001,9)) -> 9
Y78: =IF(OR('Inventory - P01'!E18<4,'Inventory - P01'!F18="",'Inventory - P01'!G18=""),9,MOD('Inventory - P01'!F18+3*'Inventory - P01'!G18/24,1)) -> 9 | Z78: =IF(Y78=9,9,IF(AND(Y78>=6/24,Y78<12/24),Y78+11*0.000000001,9)) -> 9 | AA78: =IF(Y78=9,9,IF(AND(Y78>=12/24,Y78<17/24),Y78+11*0.000000001,9)) -> 9 | AB78: =IF(Y78=9,9,IF(AND(Y78>=17/24,Y78<20/24),Y78+11*0.000000001,9)) -> 9 | AC78: =IF(Y78=9,9,IF(OR(Y78>=20/24,Y78<6/24),Y78+11*0.000000001,9)) -> 9
Y79: =IF(OR('Inventory - P01'!E19<1,'Inventory - P01'!F19="",'Inventory - P01'!G19=""),9,MOD('Inventory - P01'!F19+0*'Inventory - P01'!G19/24,1)) -> 9 | Z79: =IF(Y79=9,9,IF(AND(Y79>=6/24,Y79<12/24),Y79+12*0.000000001,9)) -> 9 | AA79: =IF(Y79=9,9,IF(AND(Y79>=12/24,Y79<17/24),Y79+12*0.000000001,9)) -> 9 | AB79: =IF(Y79=9,9,IF(AND(Y79>=17/24,Y79<20/24),Y79+12*0.000000001,9)) -> 9 | AC79: =IF(Y79=9,9,IF(OR(Y79>=20/24,Y79<6/24),Y79+12*0.000000001,9)) -> 9
Y80: =IF(OR('Inventory - P01'!E19<2,'Inventory - P01'!F19="",'Inventory - P01'!G19=""),9,MOD('Inventory - P01'!F19+1*'Inventory - P01'!G19/24,1)) -> 9 | Z80: =IF(Y80=9,9,IF(AND(Y80>=6/24,Y80<12/24),Y80+13*0.000000001,9)) -> 9 | AA80: =IF(Y80=9,9,IF(AND(Y80>=12/24,Y80<17/24),Y80+13*0.000000001,9)) -> 9 | AB80: =IF(Y80=9,9,IF(AND(Y80>=17/24,Y80<20/24),Y80+13*0.000000001,9)) -> 9 | AC80: =IF(Y80=9,9,IF(OR(Y80>=20/24,Y80<6/24),Y80+13*0.000000001,9)) -> 9
Y81: =IF(OR('Inventory - P01'!E19<3,'Inventory - P01'!F19="",'Inventory - P01'!G19=""),9,MOD('Inventory - P01'!F19+2*'Inventory - P01'!G19/24,1)) -> 9 | Z81: =IF(Y81=9,9,IF(AND(Y81>=6/24,Y81<12/24),Y81+14*0.000000001,9)) -> 9 | AA81: =IF(Y81=9,9,IF(AND(Y81>=12/24,Y81<17/24),Y81+14*0.000000001,9)) -> 9 | AB81: =IF(Y81=9,9,IF(AND(Y81>=17/24,Y81<20/24),Y81+14*0.000000001,9)) -> 9 | AC81: =IF(Y81=9,9,IF(OR(Y81>=20/24,Y81<6/24),Y81+14*0.000000001,9)) -> 9
Y82: =IF(OR('Inventory - P01'!E19<4,'Inventory - P01'!F19="",'Inventory - P01'!G19=""),9,MOD('Inventory - P01'!F19+3*'Inventory - P01'!G19/24,1)) -> 9 | Z82: =IF(Y82=9,9,IF(AND(Y82>=6/24,Y82<12/24),Y82+15*0.000000001,9)) -> 9 | AA82: =IF(Y82=9,9,IF(AND(Y82>=12/24,Y82<17/24),Y82+15*0.000000001,9)) -> 9 | AB82: =IF(Y82=9,9,IF(AND(Y82>=17/24,Y82<20/24),Y82+15*0.000000001,9)) -> 9 | AC82: =IF(Y82=9,9,IF(OR(Y82>=20/24,Y82<6/24),Y82+15*0.000000001,9)) -> 9
Y83: =IF(OR('Inventory - P01'!E20<1,'Inventory - P01'!F20="",'Inventory - P01'!G20=""),9,MOD('Inventory - P01'!F20+0*'Inventory - P01'!G20/24,1)) -> 9 | Z83: =IF(Y83=9,9,IF(AND(Y83>=6/24,Y83<12/24),Y83+16*0.000000001,9)) -> 9 | AA83: =IF(Y83=9,9,IF(AND(Y83>=12/24,Y83<17/24),Y83+16*0.000000001,9)) -> 9 | AB83: =IF(Y83=9,9,IF(AND(Y83>=17/24,Y83<20/24),Y83+16*0.000000001,9)) -> 9 | AC83: =IF(Y83=9,9,IF(OR(Y83>=20/24,Y83<6/24),Y83+16*0.000000001,9)) -> 9
Y84: =IF(OR('Inventory - P01'!E20<2,'Inventory - P01'!F20="",'Inventory - P01'!G20=""),9,MOD('Inventory - P01'!F20+1*'Inventory - P01'!G20/24,1)) -> 9 | Z84: =IF(Y84=9,9,IF(AND(Y84>=6/24,Y84<12/24),Y84+17*0.000000001,9)) -> 9 | AA84: =IF(Y84=9,9,IF(AND(Y84>=12/24,Y84<17/24),Y84+17*0.000000001,9)) -> 9 | AB84: =IF(Y84=9,9,IF(AND(Y84>=17/24,Y84<20/24),Y84+17*0.000000001,9)) -> 9 | AC84: =IF(Y84=9,9,IF(OR(Y84>=20/24,Y84<6/24),Y84+17*0.000000001,9)) -> 9
Y85: =IF(OR('Inventory - P01'!E20<3,'Inventory - P01'!F20="",'Inventory - P01'!G20=""),9,MOD('Inventory - P01'!F20+2*'Inventory - P01'!G20/24,1)) -> 9 | Z85: =IF(Y85=9,9,IF(AND(Y85>=6/24,Y85<12/24),Y85+18*0.000000001,9)) -> 9 | AA85: =IF(Y85=9,9,IF(AND(Y85>=12/24,Y85<17/24),Y85+18*0.000000001,9)) -> 9 | AB85: =IF(Y85=9,9,IF(AND(Y85>=17/24,Y85<20/24),Y85+18*0.000000001,9)) -> 9 | AC85: =IF(Y85=9,9,IF(OR(Y85>=20/24,Y85<6/24),Y85+18*0.000000001,9)) -> 9
Y86: =IF(OR('Inventory - P01'!E20<4,'Inventory - P01'!F20="",'Inventory - P01'!G20=""),9,MOD('Inventory - P01'!F20+3*'Inventory - P01'!G20/24,1)) -> 9 | Z86: =IF(Y86=9,9,IF(AND(Y86>=6/24,Y86<12/24),Y86+19*0.000000001,9)) -> 9 | AA86: =IF(Y86=9,9,IF(AND(Y86>=12/24,Y86<17/24),Y86+19*0.000000001,9)) -> 9 | AB86: =IF(Y86=9,9,IF(AND(Y86>=17/24,Y86<20/24),Y86+19*0.000000001,9)) -> 9 | AC86: =IF(Y86=9,9,IF(OR(Y86>=20/24,Y86<6/24),Y86+19*0.000000001,9)) -> 9
Y87: =IF(OR('Inventory - P01'!E21<1,'Inventory - P01'!F21="",'Inventory - P01'!G21=""),9,MOD('Inventory - P01'!F21+0*'Inventory - P01'!G21/24,1)) -> 9 | Z87: =IF(Y87=9,9,IF(AND(Y87>=6/24,Y87<12/24),Y87+20*0.000000001,9)) -> 9 | AA87: =IF(Y87=9,9,IF(AND(Y87>=12/24,Y87<17/24),Y87+20*0.000000001,9)) -> 9 | AB87: =IF(Y87=9,9,IF(AND(Y87>=17/24,Y87<20/24),Y87+20*0.000000001,9)) -> 9 | AC87: =IF(Y87=9,9,IF(OR(Y87>=20/24,Y87<6/24),Y87+20*0.000000001,9)) -> 9
Y88: =IF(OR('Inventory - P01'!E21<2,'Inventory - P01'!F21="",'Inventory - P01'!G21=""),9,MOD('Inventory - P01'!F21+1*'Inventory - P01'!G21/24,1)) -> 9 | Z88: =IF(Y88=9,9,IF(AND(Y88>=6/24,Y88<12/24),Y88+21*0.000000001,9)) -> 9 | AA88: =IF(Y88=9,9,IF(AND(Y88>=12/24,Y88<17/24),Y88+21*0.000000001,9)) -> 9 | AB88: =IF(Y88=9,9,IF(AND(Y88>=17/24,Y88<20/24),Y88+21*0.000000001,9)) -> 9 | AC88: =IF(Y88=9,9,IF(OR(Y88>=20/24,Y88<6/24),Y88+21*0.000000001,9)) -> 9
Y89: =IF(OR('Inventory - P01'!E21<3,'Inventory - P01'!F21="",'Inventory - P01'!G21=""),9,MOD('Inventory - P01'!F21+2*'Inventory - P01'!G21/24,1)) -> 9 | Z89: =IF(Y89=9,9,IF(AND(Y89>=6/24,Y89<12/24),Y89+22*0.000000001,9)) -> 9 | AA89: =IF(Y89=9,9,IF(AND(Y89>=12/24,Y89<17/24),Y89+22*0.000000001,9)) -> 9 | AB89: =IF(Y89=9,9,IF(AND(Y89>=17/24,Y89<20/24),Y89+22*0.000000001,9)) -> 9 | AC89: =IF(Y89=9,9,IF(OR(Y89>=20/24,Y89<6/24),Y89+22*0.000000001,9)) -> 9
Y90: =IF(OR('Inventory - P01'!E21<4,'Inventory - P01'!F21="",'Inventory - P01'!G21=""),9,MOD('Inventory - P01'!F21+3*'Inventory - P01'!G21/24,1)) -> 9 | Z90: =IF(Y90=9,9,IF(AND(Y90>=6/24,Y90<12/24),Y90+23*0.000000001,9)) -> 9 | AA90: =IF(Y90=9,9,IF(AND(Y90>=12/24,Y90<17/24),Y90+23*0.000000001,9)) -> 9 | AB90: =IF(Y90=9,9,IF(AND(Y90>=17/24,Y90<20/24),Y90+23*0.000000001,9)) -> 9 | AC90: =IF(Y90=9,9,IF(OR(Y90>=20/24,Y90<6/24),Y90+23*0.000000001,9)) -> 9
Y91: =IF(OR('Inventory - P01'!E22<1,'Inventory - P01'!F22="",'Inventory - P01'!G22=""),9,MOD('Inventory - P01'!F22+0*'Inventory - P01'!G22/24,1)) -> 9 | Z91: =IF(Y91=9,9,IF(AND(Y91>=6/24,Y91<12/24),Y91+24*0.000000001,9)) -> 9 | AA91: =IF(Y91=9,9,IF(AND(Y91>=12/24,Y91<17/24),Y91+24*0.000000001,9)) -> 9 | AB91: =IF(Y91=9,9,IF(AND(Y91>=17/24,Y91<20/24),Y91+24*0.000000001,9)) -> 9 | AC91: =IF(Y91=9,9,IF(OR(Y91>=20/24,Y91<6/24),Y91+24*0.000000001,9)) -> 9
Y92: =IF(OR('Inventory - P01'!E22<2,'Inventory - P01'!F22="",'Inventory - P01'!G22=""),9,MOD('Inventory - P01'!F22+1*'Inventory - P01'!G22/24,1)) -> 9 | Z92: =IF(Y92=9,9,IF(AND(Y92>=6/24,Y92<12/24),Y92+25*0.000000001,9)) -> 9 | AA92: =IF(Y92=9,9,IF(AND(Y92>=12/24,Y92<17/24),Y92+25*0.000000001,9)) -> 9 | AB92: =IF(Y92=9,9,IF(AND(Y92>=17/24,Y92<20/24),Y92+25*0.000000001,9)) -> 9 | AC92: =IF(Y92=9,9,IF(OR(Y92>=20/24,Y92<6/24),Y92+25*0.000000001,9)) -> 9
Y93: =IF(OR('Inventory - P01'!E22<3,'Inventory - P01'!F22="",'Inventory - P01'!G22=""),9,MOD('Inventory - P01'!F22+2*'Inventory - P01'!G22/24,1)) -> 9 | Z93: =IF(Y93=9,9,IF(AND(Y93>=6/24,Y93<12/24),Y93+26*0.000000001,9)) -> 9 | AA93: =IF(Y93=9,9,IF(AND(Y93>=12/24,Y93<17/24),Y93+26*0.000000001,9)) -> 9 | AB93: =IF(Y93=9,9,IF(AND(Y93>=17/24,Y93<20/24),Y93+26*0.000000001,9)) -> 9 | AC93: =IF(Y93=9,9,IF(OR(Y93>=20/24,Y93<6/24),Y93+26*0.000000001,9)) -> 9
Y94: =IF(OR('Inventory - P01'!E22<4,'Inventory - P01'!F22="",'Inventory - P01'!G22=""),9,MOD('Inventory - P01'!F22+3*'Inventory - P01'!G22/24,1)) -> 9 | Z94: =IF(Y94=9,9,IF(AND(Y94>=6/24,Y94<12/24),Y94+27*0.000000001,9)) -> 9 | AA94: =IF(Y94=9,9,IF(AND(Y94>=12/24,Y94<17/24),Y94+27*0.000000001,9)) -> 9 | AB94: =IF(Y94=9,9,IF(AND(Y94>=17/24,Y94<20/24),Y94+27*0.000000001,9)) -> 9 | AC94: =IF(Y94=9,9,IF(OR(Y94>=20/24,Y94<6/24),Y94+27*0.000000001,9)) -> 9
Y95: =IF(OR('Inventory - P01'!E23<1,'Inventory - P01'!F23="",'Inventory - P01'!G23=""),9,MOD('Inventory - P01'!F23+0*'Inventory - P01'!G23/24,1)) -> 9 | Z95: =IF(Y95=9,9,IF(AND(Y95>=6/24,Y95<12/24),Y95+28*0.000000001,9)) -> 9 | AA95: =IF(Y95=9,9,IF(AND(Y95>=12/24,Y95<17/24),Y95+28*0.000000001,9)) -> 9 | AB95: =IF(Y95=9,9,IF(AND(Y95>=17/24,Y95<20/24),Y95+28*0.000000001,9)) -> 9 | AC95: =IF(Y95=9,9,IF(OR(Y95>=20/24,Y95<6/24),Y95+28*0.000000001,9)) -> 9
Y96: =IF(OR('Inventory - P01'!E23<2,'Inventory - P01'!F23="",'Inventory - P01'!G23=""),9,MOD('Inventory - P01'!F23+1*'Inventory - P01'!G23/24,1)) -> 9 | Z96: =IF(Y96=9,9,IF(AND(Y96>=6/24,Y96<12/24),Y96+29*0.000000001,9)) -> 9 | AA96: =IF(Y96=9,9,IF(AND(Y96>=12/24,Y96<17/24),Y96+29*0.000000001,9)) -> 9 | AB96: =IF(Y96=9,9,IF(AND(Y96>=17/24,Y96<20/24),Y96+29*0.000000001,9)) -> 9 | AC96: =IF(Y96=9,9,IF(OR(Y96>=20/24,Y96<6/24),Y96+29*0.000000001,9)) -> 9
Y97: =IF(OR('Inventory - P01'!E23<3,'Inventory - P01'!F23="",'Inventory - P01'!G23=""),9,MOD('Inventory - P01'!F23+2*'Inventory - P01'!G23/24,1)) -> 9 | Z97: =IF(Y97=9,9,IF(AND(Y97>=6/24,Y97<12/24),Y97+30*0.000000001,9)) -> 9 | AA97: =IF(Y97=9,9,IF(AND(Y97>=12/24,Y97<17/24),Y97+30*0.000000001,9)) -> 9 | AB97: =IF(Y97=9,9,IF(AND(Y97>=17/24,Y97<20/24),Y97+30*0.000000001,9)) -> 9 | AC97: =IF(Y97=9,9,IF(OR(Y97>=20/24,Y97<6/24),Y97+30*0.000000001,9)) -> 9
Y98: =IF(OR('Inventory - P01'!E23<4,'Inventory - P01'!F23="",'Inventory - P01'!G23=""),9,MOD('Inventory - P01'!F23+3*'Inventory - P01'!G23/24,1)) -> 9 | Z98: =IF(Y98=9,9,IF(AND(Y98>=6/24,Y98<12/24),Y98+31*0.000000001,9)) -> 9 | AA98: =IF(Y98=9,9,IF(AND(Y98>=12/24,Y98<17/24),Y98+31*0.000000001,9)) -> 9 | AB98: =IF(Y98=9,9,IF(AND(Y98>=17/24,Y98<20/24),Y98+31*0.000000001,9)) -> 9 | AC98: =IF(Y98=9,9,IF(OR(Y98>=20/24,Y98<6/24),Y98+31*0.000000001,9)) -> 9
Y99: =IF(OR('Inventory - P01'!E24<1,'Inventory - P01'!F24="",'Inventory - P01'!G24=""),9,MOD('Inventory - P01'!F24+0*'Inventory - P01'!G24/24,1)) -> 9 | Z99: =IF(Y99=9,9,IF(AND(Y99>=6/24,Y99<12/24),Y99+32*0.000000001,9)) -> 9 | AA99: =IF(Y99=9,9,IF(AND(Y99>=12/24,Y99<17/24),Y99+32*0.000000001,9)) -> 9 | AB99: =IF(Y99=9,9,IF(AND(Y99>=17/24,Y99<20/24),Y99+32*0.000000001,9)) -> 9 | AC99: =IF(Y99=9,9,IF(OR(Y99>=20/24,Y99<6/24),Y99+32*0.000000001,9)) -> 9
Y100: =IF(OR('Inventory - P01'!E24<2,'Inventory - P01'!F24="",'Inventory - P01'!G24=""),9,MOD('Inventory - P01'!F24+1*'Inventory - P01'!G24/24,1)) -> 9 | Z100: =IF(Y100=9,9,IF(AND(Y100>=6/24,Y100<12/24),Y100+33*0.000000001,9)) -> 9 | AA100: =IF(Y100=9,9,IF(AND(Y100>=12/24,Y100<17/24),Y100+33*0.000000001,9)) -> 9 | AB100: =IF(Y100=9,9,IF(AND(Y100>=17/24,Y100<20/24),Y100+33*0.000000001,9)) -> 9 | AC100: =IF(Y100=9,9,IF(OR(Y100>=20/24,Y100<6/24),Y100+33*0.000000001,9)) -> 9
Y101: =IF(OR('Inventory - P01'!E24<3,'Inventory - P01'!F24="",'Inventory - P01'!G24=""),9,MOD('Inventory - P01'!F24+2*'Inventory - P01'!G24/24,1)) -> 9 | Z101: =IF(Y101=9,9,IF(AND(Y101>=6/24,Y101<12/24),Y101+34*0.000000001,9)) -> 9 | AA101: =IF(Y101=9,9,IF(AND(Y101>=12/24,Y101<17/24),Y101+34*0.000000001,9)) -> 9 | AB101: =IF(Y101=9,9,IF(AND(Y101>=17/24,Y101<20/24),Y101+34*0.000000001,9)) -> 9 | AC101: =IF(Y101=9,9,IF(OR(Y101>=20/24,Y101<6/24),Y101+34*0.000000001,9)) -> 9
Y102: =IF(OR('Inventory - P01'!E24<4,'Inventory - P01'!F24="",'Inventory - P01'!G24=""),9,MOD('Inventory - P01'!F24+3*'Inventory - P01'!G24/24,1)) -> 9 | Z102: =IF(Y102=9,9,IF(AND(Y102>=6/24,Y102<12/24),Y102+35*0.000000001,9)) -> 9 | AA102: =IF(Y102=9,9,IF(AND(Y102>=12/24,Y102<17/24),Y102+35*0.000000001,9)) -> 9 | AB102: =IF(Y102=9,9,IF(AND(Y102>=17/24,Y102<20/24),Y102+35*0.000000001,9)) -> 9 | AC102: =IF(Y102=9,9,IF(OR(Y102>=20/24,Y102<6/24),Y102+35*0.000000001,9)) -> 9
Y103: =IF(OR('Inventory - P01'!E25<1,'Inventory - P01'!F25="",'Inventory - P01'!G25=""),9,MOD('Inventory - P01'!F25+0*'Inventory - P01'!G25/24,1)) -> 9 | Z103: =IF(Y103=9,9,IF(AND(Y103>=6/24,Y103<12/24),Y103+36*0.000000001,9)) -> 9 | AA103: =IF(Y103=9,9,IF(AND(Y103>=12/24,Y103<17/24),Y103+36*0.000000001,9)) -> 9 | AB103: =IF(Y103=9,9,IF(AND(Y103>=17/24,Y103<20/24),Y103+36*0.000000001,9)) -> 9 | AC103: =IF(Y103=9,9,IF(OR(Y103>=20/24,Y103<6/24),Y103+36*0.000000001,9)) -> 9
Y104: =IF(OR('Inventory - P01'!E25<2,'Inventory - P01'!F25="",'Inventory - P01'!G25=""),9,MOD('Inventory - P01'!F25+1*'Inventory - P01'!G25/24,1)) -> 9 | Z104: =IF(Y104=9,9,IF(AND(Y104>=6/24,Y104<12/24),Y104+37*0.000000001,9)) -> 9 | AA104: =IF(Y104=9,9,IF(AND(Y104>=12/24,Y104<17/24),Y104+37*0.000000001,9)) -> 9 | AB104: =IF(Y104=9,9,IF(AND(Y104>=17/24,Y104<20/24),Y104+37*0.000000001,9)) -> 9 | AC104: =IF(Y104=9,9,IF(OR(Y104>=20/24,Y104<6/24),Y104+37*0.000000001,9)) -> 9
Y105: =IF(OR('Inventory - P01'!E25<3,'Inventory - P01'!F25="",'Inventory - P01'!G25=""),9,MOD('Inventory - P01'!F25+2*'Inventory - P01'!G25/24,1)) -> 9 | Z105: =IF(Y105=9,9,IF(AND(Y105>=6/24,Y105<12/24),Y105+38*0.000000001,9)) -> 9 | AA105: =IF(Y105=9,9,IF(AND(Y105>=12/24,Y105<17/24),Y105+38*0.000000001,9)) -> 9 | AB105: =IF(Y105=9,9,IF(AND(Y105>=17/24,Y105<20/24),Y105+38*0.000000001,9)) -> 9 | AC105: =IF(Y105=9,9,IF(OR(Y105>=20/24,Y105<6/24),Y105+38*0.000000001,9)) -> 9
Y106: =IF(OR('Inventory - P01'!E25<4,'Inventory - P01'!F25="",'Inventory - P01'!G25=""),9,MOD('Inventory - P01'!F25+3*'Inventory - P01'!G25/24,1)) -> 9 | Z106: =IF(Y106=9,9,IF(AND(Y106>=6/24,Y106<12/24),Y106+39*0.000000001,9)) -> 9 | AA106: =IF(Y106=9,9,IF(AND(Y106>=12/24,Y106<17/24),Y106+39*0.000000001,9)) -> 9 | AB106: =IF(Y106=9,9,IF(AND(Y106>=17/24,Y106<20/24),Y106+39*0.000000001,9)) -> 9 | AC106: =IF(Y106=9,9,IF(OR(Y106>=20/24,Y106<6/24),Y106+39*0.000000001,9)) -> 9
Y107: =IF(OR('Inventory - P01'!E26<1,'Inventory - P01'!F26="",'Inventory - P01'!G26=""),9,MOD('Inventory - P01'!F26+0*'Inventory - P01'!G26/24,1)) -> 9 | Z107: =IF(Y107=9,9,IF(AND(Y107>=6/24,Y107<12/24),Y107+40*0.000000001,9)) -> 9 | AA107: =IF(Y107=9,9,IF(AND(Y107>=12/24,Y107<17/24),Y107+40*0.000000001,9)) -> 9 | AB107: =IF(Y107=9,9,IF(AND(Y107>=17/24,Y107<20/24),Y107+40*0.000000001,9)) -> 9 | AC107: =IF(Y107=9,9,IF(OR(Y107>=20/24,Y107<6/24),Y107+40*0.000000001,9)) -> 9
...

Sheet Inventory - P02
A1: [Program / Facility Name] | N1: Suggested tab names (rename manually):
A2: MEDICATION INVENTORY FORM | N2: MAR: | O2: =IF('Client Needs Tracker'!B6="","",UPPER(LEFT(TRIM('Client Needs Tracker'!B6),1))&UPPER(MID('Client Needs Tracker'!B6,FIND("@",SUBSTITUTE('Client Needs Tracker'!B6," ","@",LEN('Client Needs Tracker'!B6)-LEN(SUBSTITUTE('Client Needs Tracker'!B6," ",""))))+1,1))&"-"&SUBSTITUTE('Client Needs Tracker'!S6," ","")) -> YJ-M-1B
A3: Confidential Patient Health Information | N3: Inventory: | O3: =IF('Client Needs Tracker'!S6="","","INV-"&SUBSTITUTE('Client Needs Tracker'!S6," ","")) -> INV-M-1B
A5: Patient Name | F5: Member ID
A6: =IF('Client Needs Tracker'!B6="","(Add client on Client Needs Tracker, row 6)",'Client Needs Tracker'!B6) -> Yusef Jui | F6: ='Client Needs Tracker'!A6 -> 3520025
A7: Admit Date | F7: LOC
A8: =IF('Client Needs Tracker'!C6="","",'Client Needs Tracker'!C6) -> 46240 | F8: ='Client Needs Tracker'!E6 -> LOC2
A9: Case Manager | F9: Doctor
A10: =IF('Client Needs Tracker'!F6="","",'Client Needs Tracker'!F6) | F10: =IF('Client Status Board'!G6="","",'Client Status Board'!G6) -> Destiny
A11: Pharmacy
A12: =IF('Client Status Board'!L6="","",'Client Status Board'!L6) -> HEB
A13: Start Date
A14: 46237
A15: Med # | B15: Medication Name | C15: Dosage (mg) | D15: Route | E15: Times/day | F15: Start Time | G15: Interval (hrs) | H15: Specific Times | I15: PRN | J15: Category | K15: Count In | L15: Count Out
A16: 58669 | B16: Lithium | C16: 300 | D16: PO | E16: 2 | F16: 0.33333333 | G16: 12 | H16: =IF(OR($E16="",$F16="",$G16=""),"",IF($E16=1,TEXT($F16+0*$G16/24,"h:mm AM/PM"),IF($E16=2,TEXT($F16+0*$G16/24,"h:mm AM/PM") & " / " & TEXT($F16+1*$G16/24,"h:mm AM/PM"),IF($E16=3,TEXT($F16+0*$G16/24,"h:mm AM/PM") & " / " & TEXT($F16+1*$G16/24,"h:mm AM/PM") & " / " & TEXT($F16+2*$G16/24,"h:mm AM/PM"),IF($E16=4,TEXT($F16+0*$G16/24,"h:mm AM/PM") & " / " & TEXT($F16+1*$G16/24,"h:mm AM/PM") & " / " & TEXT($F16+2*$G16/24,"h:mm AM/PM") & " / " & TEXT($F16+3*$G16/24,"h:mm AM/PM"),IF($E16=5,TEXT($F16+0*$G16/24,"h:mm AM/PM") & " / " & TEXT($F16+1*$G16/24,"h:mm AM/PM") & " / " & TEXT($F16+2*$G16/24,"h:mm AM/PM") & " / " & TEXT($F16+3*$G16/24,"h:mm AM/PM") & " / " & TEXT($F16+4*$G16/24,"h:mm AM/PM"),IF($E16=6,TEXT($F16+0*$G16/24,"h:mm AM/PM") & " / " & TEXT($F16+1*$G16/24,"h:mm AM/PM") & " / " & TEXT($F16+2*$G16/24,"h:mm AM/PM") & " / " & TEXT($F16+3*$G16/24,"h:mm AM/PM") & " / " & TEXT($F16+4*$G16/24,"h:mm AM/PM") & " / " & TEXT($F16+5*$G16/24,"h:mm AM/PM"),"—"))))))) -> 8:00 AM / 8:00 PM | I16: Y | J16: Psychological | K16: 60 | L16: =IF($K16="","",$K16-SUMPRODUCT(('MAR - P02'!$B$10:$B$61=1)*(('MAR - P02'!$I$10:$I$61<>"")+('MAR - P02'!$K$10:$K$61<>"")+('MAR - P02'!$M$10:$M$61<>"")+('MAR - P02'!$O$10:$O$61<>"")+('MAR - P02'!$Q$10:$Q$61<>"")+('MAR - P02'!$S$10:$S$61<>"")+('MAR - P02'!$U$10:$U$61<>"")))) -> 60
H17: =IF(OR($E17="",$F17="",$G17=""),"",IF($E17=1,TEXT($F17+0*$G17/24,"h:mm AM/PM"),IF($E17=2,TEXT($F17+0*$G17/24,"h:mm AM/PM") & " / " & TEXT($F17+1*$G17/24,"h:mm AM/PM"),IF($E17=3,TEXT($F17+0*$G17/24,"h:mm AM/PM") & " / " & TEXT($F17+1*$G17/24,"h:mm AM/PM") & " / " & TEXT($F17+2*$G17/24,"h:mm AM/PM"),IF($E17=4,TEXT($F17+0*$G17/24,"h:mm AM/PM") & " / " & TEXT($F17+1*$G17/24,"h:mm AM/PM") & " / " & TEXT($F17+2*$G17/24,"h:mm AM/PM") & " / " & TEXT($F17+3*$G17/24,"h:mm AM/PM"),IF($E17=5,TEXT($F17+0*$G17/24,"h:mm AM/PM") & " / " & TEXT($F17+1*$G17/24,"h:mm AM/PM") & " / " & TEXT($F17+2*$G17/24,"h:mm AM/PM") & " / " & TEXT($F17+3*$G17/24,"h:mm AM/PM") & " / " & TEXT($F17+4*$G17/24,"h:mm AM/PM"),IF($E17=6,TEXT($F17+0*$G17/24,"h:mm AM/PM") & " / " & TEXT($F17+1*$G17/24,"h:mm AM/PM") & " / " & TEXT($F17+2*$G17/24,"h:mm AM/PM") & " / " & TEXT($F17+3*$G17/24,"h:mm AM/PM") & " / " & TEXT($F17+4*$G17/24,"h:mm AM/PM") & " / " & TEXT($F17+5*$G17/24,"h:mm AM/PM"),"—"))))))) | L17: =IF($K17="","",$K17-SUMPRODUCT(('MAR - P02'!$B$10:$B$61=2)*(('MAR - P02'!$I$10:$I$61<>"")+('MAR - P02'!$K$10:$K$61<>"")+('MAR - P02'!$M$10:$M$61<>"")+('MAR - P02'!$O$10:$O$61<>"")+('MAR - P02'!$Q$10:$Q$61<>"")+('MAR - P02'!$S$10:$S$61<>"")+('MAR - P02'!$U$10:$U$61<>""))))
H18: =IF(OR($E18="",$F18="",$G18=""),"",IF($E18=1,TEXT($F18+0*$G18/24,"h:mm AM/PM"),IF($E18=2,TEXT($F18+0*$G18/24,"h:mm AM/PM") & " / " & TEXT($F18+1*$G18/24,"h:mm AM/PM"),IF($E18=3,TEXT($F18+0*$G18/24,"h:mm AM/PM") & " / " & TEXT($F18+1*$G18/24,"h:mm AM/PM") & " / " & TEXT($F18+2*$G18/24,"h:mm AM/PM"),IF($E18=4,TEXT($F18+0*$G18/24,"h:mm AM/PM") & " / " & TEXT($F18+1*$G18/24,"h:mm AM/PM") & " / " & TEXT($F18+2*$G18/24,"h:mm AM/PM") & " / " & TEXT($F18+3*$G18/24,"h:mm AM/PM"),IF($E18=5,TEXT($F18+0*$G18/24,"h:mm AM/PM") & " / " & TEXT($F18+1*$G18/24,"h:mm AM/PM") & " / " & TEXT($F18+2*$G18/24,"h:mm AM/PM") & " / " & TEXT($F18+3*$G18/24,"h:mm AM/PM") & " / " & TEXT($F18+4*$G18/24,"h:mm AM/PM"),IF($E18=6,TEXT($F18+0*$G18/24,"h:mm AM/PM") & " / " & TEXT($F18+1*$G18/24,"h:mm AM/PM") & " / " & TEXT($F18+2*$G18/24,"h:mm AM/PM") & " / " & TEXT($F18+3*$G18/24,"h:mm AM/PM") & " / " & TEXT($F18+4*$G18/24,"h:mm AM/PM") & " / " & TEXT($F18+5*$G18/24,"h:mm AM/PM"),"—"))))))) | L18: =IF($K18="","",$K18-SUMPRODUCT(('MAR - P02'!$B$10:$B$61=3)*(('MAR - P02'!$I$10:$I$61<>"")+('MAR - P02'!$K$10:$K$61<>"")+('MAR - P02'!$M$10:$M$61<>"")+('MAR - P02'!$O$10:$O$61<>"")+('MAR - P02'!$Q$10:$Q$61<>"")+('MAR - P02'!$S$10:$S$61<>"")+('MAR - P02'!$U$10:$U$61<>""))))
H19: =IF(OR($E19="",$F19="",$G19=""),"",IF($E19=1,TEXT($F19+0*$G19/24,"h:mm AM/PM"),IF($E19=2,TEXT($F19+0*$G19/24,"h:mm AM/PM") & " / " & TEXT($F19+1*$G19/24,"h:mm AM/PM"),IF($E19=3,TEXT($F19+0*$G19/24,"h:mm AM/PM") & " / " & TEXT($F19+1*$G19/24,"h:mm AM/PM") & " / " & TEXT($F19+2*$G19/24,"h:mm AM/PM"),IF($E19=4,TEXT($F19+0*$G19/24,"h:mm AM/PM") & " / " & TEXT($F19+1*$G19/24,"h:mm AM/PM") & " / " & TEXT($F19+2*$G19/24,"h:mm AM/PM") & " / " & TEXT($F19+3*$G19/24,"h:mm AM/PM"),IF($E19=5,TEXT($F19+0*$G19/24,"h:mm AM/PM") & " / " & TEXT($F19+1*$G19/24,"h:mm AM/PM") & " / " & TEXT($F19+2*$G19/24,"h:mm AM/PM") & " / " & TEXT($F19+3*$G19/24,"h:mm AM/PM") & " / " & TEXT($F19+4*$G19/24,"h:mm AM/PM"),IF($E19=6,TEXT($F19+0*$G19/24,"h:mm AM/PM") & " / " & TEXT($F19+1*$G19/24,"h:mm AM/PM") & " / " & TEXT($F19+2*$G19/24,"h:mm AM/PM") & " / " & TEXT($F19+3*$G19/24,"h:mm AM/PM") & " / " & TEXT($F19+4*$G19/24,"h:mm AM/PM") & " / " & TEXT($F19+5*$G19/24,"h:mm AM/PM"),"—"))))))) | L19: =IF($K19="","",$K19-SUMPRODUCT(('MAR - P02'!$B$10:$B$61=4)*(('MAR - P02'!$I$10:$I$61<>"")+('MAR - P02'!$K$10:$K$61<>"")+('MAR - P02'!$M$10:$M$61<>"")+('MAR - P02'!$O$10:$O$61<>"")+('MAR - P02'!$Q$10:$Q$61<>"")+('MAR - P02'!$S$10:$S$61<>"")+('MAR - P02'!$U$10:$U$61<>""))))
H20: =IF(OR($E20="",$F20="",$G20=""),"",IF($E20=1,TEXT($F20+0*$G20/24,"h:mm AM/PM"),IF($E20=2,TEXT($F20+0*$G20/24,"h:mm AM/PM") & " / " & TEXT($F20+1*$G20/24,"h:mm AM/PM"),IF($E20=3,TEXT($F20+0*$G20/24,"h:mm AM/PM") & " / " & TEXT($F20+1*$G20/24,"h:mm AM/PM") & " / " & TEXT($F20+2*$G20/24,"h:mm AM/PM"),IF($E20=4,TEXT($F20+0*$G20/24,"h:mm AM/PM") & " / " & TEXT($F20+1*$G20/24,"h:mm AM/PM") & " / " & TEXT($F20+2*$G20/24,"h:mm AM/PM") & " / " & TEXT($F20+3*$G20/24,"h:mm AM/PM"),IF($E20=5,TEXT($F20+0*$G20/24,"h:mm AM/PM") & " / " & TEXT($F20+1*$G20/24,"h:mm AM/PM") & " / " & TEXT($F20+2*$G20/24,"h:mm AM/PM") & " / " & TEXT($F20+3*$G20/24,"h:mm AM/PM") & " / " & TEXT($F20+4*$G20/24,"h:mm AM/PM"),IF($E20=6,TEXT($F20+0*$G20/24,"h:mm AM/PM") & " / " & TEXT($F20+1*$G20/24,"h:mm AM/PM") & " / " & TEXT($F20+2*$G20/24,"h:mm AM/PM") & " / " & TEXT($F20+3*$G20/24,"h:mm AM/PM") & " / " & TEXT($F20+4*$G20/24,"h:mm AM/PM") & " / " & TEXT($F20+5*$G20/24,"h:mm AM/PM"),"—"))))))) | L20: =IF($K20="","",$K20-SUMPRODUCT(('MAR - P02'!$B$10:$B$61=5)*(('MAR - P02'!$I$10:$I$61<>"")+('MAR - P02'!$K$10:$K$61<>"")+('MAR - P02'!$M$10:$M$61<>"")+('MAR - P02'!$O$10:$O$61<>"")+('MAR - P02'!$Q$10:$Q$61<>"")+('MAR - P02'!$S$10:$S$61<>"")+('MAR - P02'!$U$10:$U$61<>""))))
H21: =IF(OR($E21="",$F21="",$G21=""),"",IF($E21=1,TEXT($F21+0*$G21/24,"h:mm AM/PM"),IF($E21=2,TEXT($F21+0*$G21/24,"h:mm AM/PM") & " / " & TEXT($F21+1*$G21/24,"h:mm AM/PM"),IF($E21=3,TEXT($F21+0*$G21/24,"h:mm AM/PM") & " / " & TEXT($F21+1*$G21/24,"h:mm AM/PM") & " / " & TEXT($F21+2*$G21/24,"h:mm AM/PM"),IF($E21=4,TEXT($F21+0*$G21/24,"h:mm AM/PM") & " / " & TEXT($F21+1*$G21/24,"h:mm AM/PM") & " / " & TEXT($F21+2*$G21/24,"h:mm AM/PM") & " / " & TEXT($F21+3*$G21/24,"h:mm AM/PM"),IF($E21=5,TEXT($F21+0*$G21/24,"h:mm AM/PM") & " / " & TEXT($F21+1*$G21/24,"h:mm AM/PM") & " / " & TEXT($F21+2*$G21/24,"h:mm AM/PM") & " / " & TEXT($F21+3*$G21/24,"h:mm AM/PM") & " / " & TEXT($F21+4*$G21/24,"h:mm AM/PM"),IF($E21=6,TEXT($F21+0*$G21/24,"h:mm AM/PM") & " / " & TEXT($F21+1*$G21/24,"h:mm AM/PM") & " / " & TEXT($F21+2*$G21/24,"h:mm AM/PM") & " / " & TEXT($F21+3*$G21/24,"h:mm AM/PM") & " / " & TEXT($F21+4*$G21/24,"h:mm AM/PM") & " / " & TEXT($F21+5*$G21/24,"h:mm AM/PM"),"—"))))))) | L21: =IF($K21="","",$K21-SUMPRODUCT(('MAR - P02'!$B$10:$B$61=6)*(('MAR - P02'!$I$10:$I$61<>"")+('MAR - P02'!$K$10:$K$61<>"")+('MAR - P02'!$M$10:$M$61<>"")+('MAR - P02'!$O$10:$O$61<>"")+('MAR - P02'!$Q$10:$Q$61<>"")+('MAR - P02'!$S$10:$S$61<>"")+('MAR - P02'!$U$10:$U$61<>""))))
H22: =IF(OR($E22="",$F22="",$G22=""),"",IF($E22=1,TEXT($F22+0*$G22/24,"h:mm AM/PM"),IF($E22=2,TEXT($F22+0*$G22/24,"h:mm AM/PM") & " / " & TEXT($F22+1*$G22/24,"h:mm AM/PM"),IF($E22=3,TEXT($F22+0*$G22/24,"h:mm AM/PM") & " / " & TEXT($F22+1*$G22/24,"h:mm AM/PM") & " / " & TEXT($F22+2*$G22/24,"h:mm AM/PM"),IF($E22=4,TEXT($F22+0*$G22/24,"h:mm AM/PM") & " / " & TEXT($F22+1*$G22/24,"h:mm AM/PM") & " / " & TEXT($F22+2*$G22/24,"h:mm AM/PM") & " / " & TEXT($F22+3*$G22/24,"h:mm AM/PM"),IF($E22=5,TEXT($F22+0*$G22/24,"h:mm AM/PM") & " / " & TEXT($F22+1*$G22/24,"h:mm AM/PM") & " / " & TEXT($F22+2*$G22/24,"h:mm AM/PM") & " / " & TEXT($F22+3*$G22/24,"h:mm AM/PM") & " / " & TEXT($F22+4*$G22/24,"h:mm AM/PM"),IF($E22=6,TEXT($F22+0*$G22/24,"h:mm AM/PM") & " / " & TEXT($F22+1*$G22/24,"h:mm AM/PM") & " / " & TEXT($F22+2*$G22/24,"h:mm AM/PM") & " / " & TEXT($F22+3*$G22/24,"h:mm AM/PM") & " / " & TEXT($F22+4*$G22/24,"h:mm AM/PM") & " / " & TEXT($F22+5*$G22/24,"h:mm AM/PM"),"—"))))))) | L22: =IF($K22="","",$K22-SUMPRODUCT(('MAR - P02'!$B$10:$B$61=7)*(('MAR - P02'!$I$10:$I$61<>"")+('MAR - P02'!$K$10:$K$61<>"")+('MAR - P02'!$M$10:$M$61<>"")+('MAR - P02'!$O$10:$O$61<>"")+('MAR - P02'!$Q$10:$Q$61<>"")+('MAR - P02'!$S$10:$S$61<>"")+('MAR - P02'!$U$10:$U$61<>""))))
H23: =IF(OR($E23="",$F23="",$G23=""),"",IF($E23=1,TEXT($F23+0*$G23/24,"h:mm AM/PM"),IF($E23=2,TEXT($F23+0*$G23/24,"h:mm AM/PM") & " / " & TEXT($F23+1*$G23/24,"h:mm AM/PM"),IF($E23=3,TEXT($F23+0*$G23/24,"h:mm AM/PM") & " / " & TEXT($F23+1*$G23/24,"h:mm AM/PM") & " / " & TEXT($F23+2*$G23/24,"h:mm AM/PM"),IF($E23=4,TEXT($F23+0*$G23/24,"h:mm AM/PM") & " / " & TEXT($F23+1*$G23/24,"h:mm AM/PM") & " / " & TEXT($F23+2*$G23/24,"h:mm AM/PM") & " / " & TEXT($F23+3*$G23/24,"h:mm AM/PM"),IF($E23=5,TEXT($F23+0*$G23/24,"h:mm AM/PM") & " / " & TEXT($F23+1*$G23/24,"h:mm AM/PM") & " / " & TEXT($F23+2*$G23/24,"h:mm AM/PM") & " / " & TEXT($F23+3*$G23/24,"h:mm AM/PM") & " / " & TEXT($F23+4*$G23/24,"h:mm AM/PM"),IF($E23=6,TEXT($F23+0*$G23/24,"h:mm AM/PM") & " / " & TEXT($F23+1*$G23/24,"h:mm AM/PM") & " / " & TEXT($F23+2*$G23/24,"h:mm AM/PM") & " / " & TEXT($F23+3*$G23/24,"h:mm AM/PM") & " / " & TEXT($F23+4*$G23/24,"h:mm AM/PM") & " / " & TEXT($F23+5*$G23/24,"h:mm AM/PM"),"—"))))))) | L23: =IF($K23="","",$K23-SUMPRODUCT(('MAR - P02'!$B$10:$B$61=8)*(('MAR - P02'!$I$10:$I$61<>"")+('MAR - P02'!$K$10:$K$61<>"")+('MAR - P02'!$M$10:$M$61<>"")+('MAR - P02'!$O$10:$O$61<>"")+('MAR - P02'!$Q$10:$Q$61<>"")+('MAR - P02'!$S$10:$S$61<>"")+('MAR - P02'!$U$10:$U$61<>""))))
H24: =IF(OR($E24="",$F24="",$G24=""),"",IF($E24=1,TEXT($F24+0*$G24/24,"h:mm AM/PM"),IF($E24=2,TEXT($F24+0*$G24/24,"h:mm AM/PM") & " / " & TEXT($F24+1*$G24/24,"h:mm AM/PM"),IF($E24=3,TEXT($F24+0*$G24/24,"h:mm AM/PM") & " / " & TEXT($F24+1*$G24/24,"h:mm AM/PM") & " / " & TEXT($F24+2*$G24/24,"h:mm AM/PM"),IF($E24=4,TEXT($F24+0*$G24/24,"h:mm AM/PM") & " / " & TEXT($F24+1*$G24/24,"h:mm AM/PM") & " / " & TEXT($F24+2*$G24/24,"h:mm AM/PM") & " / " & TEXT($F24+3*$G24/24,"h:mm AM/PM"),IF($E24=5,TEXT($F24+0*$G24/24,"h:mm AM/PM") & " / " & TEXT($F24+1*$G24/24,"h:mm AM/PM") & " / " & TEXT($F24+2*$G24/24,"h:mm AM/PM") & " / " & TEXT($F24+3*$G24/24,"h:mm AM/PM") & " / " & TEXT($F24+4*$G24/24,"h:mm AM/PM"),IF($E24=6,TEXT($F24+0*$G24/24,"h:mm AM/PM") & " / " & TEXT($F24+1*$G24/24,"h:mm AM/PM") & " / " & TEXT($F24+2*$G24/24,"h:mm AM/PM") & " / " & TEXT($F24+3*$G24/24,"h:mm AM/PM") & " / " & TEXT($F24+4*$G24/24,"h:mm AM/PM") & " / " & TEXT($F24+5*$G24/24,"h:mm AM/PM"),"—"))))))) | L24: =IF($K24="","",$K24-SUMPRODUCT(('MAR - P02'!$B$10:$B$61=9)*(('MAR - P02'!$I$10:$I$61<>"")+('MAR - P02'!$K$10:$K$61<>"")+('MAR - P02'!$M$10:$M$61<>"")+('MAR - P02'!$O$10:$O$61<>"")+('MAR - P02'!$Q$10:$Q$61<>"")+('MAR - P02'!$S$10:$S$61<>"")+('MAR - P02'!$U$10:$U$61<>""))))
H25: =IF(OR($E25="",$F25="",$G25=""),"",IF($E25=1,TEXT($F25+0*$G25/24,"h:mm AM/PM"),IF($E25=2,TEXT($F25+0*$G25/24,"h:mm AM/PM") & " / " & TEXT($F25+1*$G25/24,"h:mm AM/PM"),IF($E25=3,TEXT($F25+0*$G25/24,"h:mm AM/PM") & " / " & TEXT($F25+1*$G25/24,"h:mm AM/PM") & " / " & TEXT($F25+2*$G25/24,"h:mm AM/PM"),IF($E25=4,TEXT($F25+0*$G25/24,"h:mm AM/PM") & " / " & TEXT($F25+1*$G25/24,"h:mm AM/PM") & " / " & TEXT($F25+2*$G25/24,"h:mm AM/PM") & " / " & TEXT($F25+3*$G25/24,"h:mm AM/PM"),IF($E25=5,TEXT($F25+0*$G25/24,"h:mm AM/PM") & " / " & TEXT($F25+1*$G25/24,"h:mm AM/PM") & " / " & TEXT($F25+2*$G25/24,"h:mm AM/PM") & " / " & TEXT($F25+3*$G25/24,"h:mm AM/PM") & " / " & TEXT($F25+4*$G25/24,"h:mm AM/PM"),IF($E25=6,TEXT($F25+0*$G25/24,"h:mm AM/PM") & " / " & TEXT($F25+1*$G25/24,"h:mm AM/PM") & " / " & TEXT($F25+2*$G25/24,"h:mm AM/PM") & " / " & TEXT($F25+3*$G25/24,"h:mm AM/PM") & " / " & TEXT($F25+4*$G25/24,"h:mm AM/PM") & " / " & TEXT($F25+5*$G25/24,"h:mm AM/PM"),"—"))))))) | L25: =IF($K25="","",$K25-SUMPRODUCT(('MAR - P02'!$B$10:$B$61=10)*(('MAR - P02'!$I$10:$I$61<>"")+('MAR - P02'!$K$10:$K$61<>"")+('MAR - P02'!$M$10:$M$61<>"")+('MAR - P02'!$O$10:$O$61<>"")+('MAR - P02'!$Q$10:$Q$61<>"")+('MAR - P02'!$S$10:$S$61<>"")+('MAR - P02'!$U$10:$U$61<>""))))
H26: =IF(OR($E26="",$F26="",$G26=""),"",IF($E26=1,TEXT($F26+0*$G26/24,"h:mm AM/PM"),IF($E26=2,TEXT($F26+0*$G26/24,"h:mm AM/PM") & " / " & TEXT($F26+1*$G26/24,"h:mm AM/PM"),IF($E26=3,TEXT($F26+0*$G26/24,"h:mm AM/PM") & " / " & TEXT($F26+1*$G26/24,"h:mm AM/PM") & " / " & TEXT($F26+2*$G26/24,"h:mm AM/PM"),IF($E26=4,TEXT($F26+0*$G26/24,"h:mm AM/PM") & " / " & TEXT($F26+1*$G26/24,"h:mm AM/PM") & " / " & TEXT($F26+2*$G26/24,"h:mm AM/PM") & " / " & TEXT($F26+3*$G26/24,"h:mm AM/PM"),IF($E26=5,TEXT($F26+0*$G26/24,"h:mm AM/PM") & " / " & TEXT($F26+1*$G26/24,"h:mm AM/PM") & " / " & TEXT($F26+2*$G26/24,"h:mm AM/PM") & " / " & TEXT($F26+3*$G26/24,"h:mm AM/PM") & " / " & TEXT($F26+4*$G26/24,"h:mm AM/PM"),IF($E26=6,TEXT($F26+0*$G26/24,"h:mm AM/PM") & " / " & TEXT($F26+1*$G26/24,"h:mm AM/PM") & " / " & TEXT($F26+2*$G26/24,"h:mm AM/PM") & " / " & TEXT($F26+3*$G26/24,"h:mm AM/PM") & " / " & TEXT($F26+4*$G26/24,"h:mm AM/PM") & " / " & TEXT($F26+5*$G26/24,"h:mm AM/PM"),"—"))))))) | L26: =IF($K26="","",$K26-SUMPRODUCT(('MAR - P02'!$B$10:$B$61=11)*(('MAR - P02'!$I$10:$I$61<>"")+('MAR - P02'!$K$10:$K$61<>"")+('MAR - P02'!$M$10:$M$61<>"")+('MAR - P02'!$O$10:$O$61<>"")+('MAR - P02'!$Q$10:$Q$61<>"")+('MAR - P02'!$S$10:$S$61<>"")+('MAR - P02'!$U$10:$U$61<>""))))
H27: =IF(OR($E27="",$F27="",$G27=""),"",IF($E27=1,TEXT($F27+0*$G27/24,"h:mm AM/PM"),IF($E27=2,TEXT($F27+0*$G27/24,"h:mm AM/PM") & " / " & TEXT($F27+1*$G27/24,"h:mm AM/PM"),IF($E27=3,TEXT($F27+0*$G27/24,"h:mm AM/PM") & " / " & TEXT($F27+1*$G27/24,"h:mm AM/PM") & " / " & TEXT($F27+2*$G27/24,"h:mm AM/PM"),IF($E27=4,TEXT($F27+0*$G27/24,"h:mm AM/PM") & " / " & TEXT($F27+1*$G27/24,"h:mm AM/PM") & " / " & TEXT($F27+2*$G27/24,"h:mm AM/PM") & " / " & TEXT($F27+3*$G27/24,"h:mm AM/PM"),IF($E27=5,TEXT($F27+0*$G27/24,"h:mm AM/PM") & " / " & TEXT($F27+1*$G27/24,"h:mm AM/PM") & " / " & TEXT($F27+2*$G27/24,"h:mm AM/PM") & " / " & TEXT($F27+3*$G27/24,"h:mm AM/PM") & " / " & TEXT($F27+4*$G27/24,"h:mm AM/PM"),IF($E27=6,TEXT($F27+0*$G27/24,"h:mm AM/PM") & " / " & TEXT($F27+1*$G27/24,"h:mm AM/PM") & " / " & TEXT($F27+2*$G27/24,"h:mm AM/PM") & " / " & TEXT($F27+3*$G27/24,"h:mm AM/PM") & " / " & TEXT($F27+4*$G27/24,"h:mm AM/PM") & " / " & TEXT($F27+5*$G27/24,"h:mm AM/PM"),"—"))))))) | L27: =IF($K27="","",$K27-SUMPRODUCT(('MAR - P02'!$B$10:$B$61=12)*(('MAR - P02'!$I$10:$I$61<>"")+('MAR - P02'!$K$10:$K$61<>"")+('MAR - P02'!$M$10:$M$61<>"")+('MAR - P02'!$O$10:$O$61<>"")+('MAR - P02'!$Q$10:$Q$61<>"")+('MAR - P02'!$S$10:$S$61<>"")+('MAR - P02'!$U$10:$U$61<>""))))
A29: I certify that the above medication counts are accurate as of the date signed.
A31: Counted In By (Signature): _______________________________ | G31: Date: ______________
A33: Counted Out By (Signature): _______________________________ | G33: Date: ______________
A35: Patient Signature: _______________________________ | G35: Date: ______________

Sheet MAR - P02
A1: Weekly Medication Administration Record | AF1: Suggested tab names (rename manually):
AF2: MAR: | AG2: =IF('Client Needs Tracker'!B6="","",UPPER(LEFT(TRIM('Client Needs Tracker'!B6),1))&UPPER(MID('Client Needs Tracker'!B6,FIND("@",SUBSTITUTE('Client Needs Tracker'!B6," ","@",LEN('Client Needs Tracker'!B6)-LEN(SUBSTITUTE('Client Needs Tracker'!B6," ",""))))+1,1))&"-"&SUBSTITUTE('Client Needs Tracker'!S6," ","")) -> YJ-M-1B
A3: =IF('Inventory - P02'!A6="","(Enter name in Inventory - P02)",'Inventory - P02'!A6) -> Yusef Jui | F3: =IF('Inventory - P02'!F6="","(Enter ID in Inventory - P02)","Member ID: "&'Inventory - P02'!F6) -> Member ID: 3520025 | AF3: Inventory: | AG3: =IF('Client Needs Tracker'!S6="","","INV-"&SUBSTITUTE('Client Needs Tracker'!S6," ","")) -> INV-M-1B
A5: ="LOC: "&IF('Inventory - P02'!F8="","-",'Inventory - P02'!F8) -> LOC: LOC2 | D5: ="Case Manager: "&IF('Inventory - P02'!A10="","-",'Inventory - P02'!A10) -> Case Manager: - | G5: ="Doctor: "&IF('Inventory - P02'!F10="","-",'Inventory - P02'!F10) -> Doctor: Destiny | J5: ="Pharmacy: "&IF('Inventory - P02'!A12="","-",'Inventory - P02'!A12) -> Pharmacy: HEB
A6: Start Date: | E6: =IF('Inventory - P02'!A14="","",'Inventory - P02'!A14) -> 46237
A8: Time | B8: Med # | C8: Medication Name | D8: Count Out | E8: Route | F8: Times/day | G8: PRN | H8: Category | I8: =IF('Inventory - P02'!A14="","",'Inventory - P02'!A14+0) -> 46237 | K8: =IF('Inventory - P02'!A14="","",'Inventory - P02'!A14+1) -> 46238 | M8: =IF('Inventory - P02'!A14="","",'Inventory - P02'!A14+2) -> 46239 | O8: =IF('Inventory - P02'!A14="","",'Inventory - P02'!A14+3) -> 46240 | Q8: =IF('Inventory - P02'!A14="","",'Inventory - P02'!A14+4) -> 46241 | S8: =IF('Inventory - P02'!A14="","",'Inventory - P02'!A14+5) -> 46242 | U8: =IF('Inventory - P02'!A14="","",'Inventory - P02'!A14+6) -> 46243
I9: Staff | J9: Pt | K9: Staff | L9: Pt | M9: Staff | N9: Pt | O9: Staff | P9: Pt | Q9: Staff | R9: Pt | S9: Staff | T9: Pt | U9: Staff | V9: Pt
A10: Time Slot 1 (6 AM–11 AM)
A11: =IF(W11<9,TEXT(W11,"h:mm AM/PM"),"") -> 8:00 AM | B11: =IF(X11="","",(INT((X11-1)/4)+1)) -> 1 | C11: {=IF(X11="","",INDEX('Inventory - P02'!$B$16:$B$27,(INT((X11-1)/4)+1))&IF(INDEX('Inventory - P02'!$C$16:$C$27,(INT((X11-1)/4)+1))="",""," ("&INDEX('Inventory - P02'!$C$16:$C$27,(INT((X11-1)/4)+1))&" mg)"))} -> Lithium (300 mg) | D11: {=IF(X11="","",INDEX('Inventory - P02'!$K$16:$K$27,(INT((X11-1)/4)+1))-SUMPRODUCT(($B$10:$B$61=B11)*(($I$10:$I$61<>"")+($K$10:$K$61<>"")+($M$10:$M$61<>"")+($O$10:$O$61<>"")+($Q$10:$Q$61<>"")+($S$10:$S$61<>"")+($U$10:$U$61<>""))))} -> 60 | E11: {=IF(X11="","",INDEX('Inventory - P02'!$D$16:$D$27,(INT((X11-1)/4)+1)))} -> PO | F11: {=IF(X11="","",INDEX('Inventory - P02'!$E$16:$E$27,(INT((X11-1)/4)+1)))} -> 2 | G11: {=IF(X11="","",INDEX('Inventory - P02'!$I$16:$I$27,(INT((X11-1)/4)+1)))} -> Y | H11: {=IF(X11="","",INDEX('Inventory - P02'!$J$16:$J$27,(INT((X11-1)/4)+1)))} -> Psychological | W11: =SMALL($Z$67:$Z$114,1) -> 0.33333333 | X11: =IF(W11<9,MATCH(W11,$Z$67:$Z$114,0),"") -> 1
A12: =IF(W12<9,TEXT(W12,"h:mm AM/PM"),"") | B12: =IF(X12="","",(INT((X12-1)/4)+1)) | C12: {=IF(X12="","",INDEX('Inventory - P02'!$B$16:$B$27,(INT((X12-1)/4)+1))&IF(INDEX('Inventory - P02'!$C$16:$C$27,(INT((X12-1)/4)+1))="",""," ("&INDEX('Inventory - P02'!$C$16:$C$27,(INT((X12-1)/4)+1))&" mg)"))} | D12: {=IF(X12="","",INDEX('Inventory - P02'!$K$16:$K$27,(INT((X12-1)/4)+1))-SUMPRODUCT(($B$10:$B$61=B12)*(($I$10:$I$61<>"")+($K$10:$K$61<>"")+($M$10:$M$61<>"")+($O$10:$O$61<>"")+($Q$10:$Q$61<>"")+($S$10:$S$61<>"")+($U$10:$U$61<>""))))} | E12: {=IF(X12="","",INDEX('Inventory - P02'!$D$16:$D$27,(INT((X12-1)/4)+1)))} | F12: {=IF(X12="","",INDEX('Inventory - P02'!$E$16:$E$27,(INT((X12-1)/4)+1)))} | G12: {=IF(X12="","",INDEX('Inventory - P02'!$I$16:$I$27,(INT((X12-1)/4)+1)))} | H12: {=IF(X12="","",INDEX('Inventory - P02'!$J$16:$J$27,(INT((X12-1)/4)+1)))} | W12: =SMALL($Z$67:$Z$114,2) -> 9 | X12: =IF(W12<9,MATCH(W12,$Z$67:$Z$114,0),"")
A13: =IF(W13<9,TEXT(W13,"h:mm AM/PM"),"") | B13: =IF(X13="","",(INT((X13-1)/4)+1)) | C13: {=IF(X13="","",INDEX('Inventory - P02'!$B$16:$B$27,(INT((X13-1)/4)+1))&IF(INDEX('Inventory - P02'!$C$16:$C$27,(INT((X13-1)/4)+1))="",""," ("&INDEX('Inventory - P02'!$C$16:$C$27,(INT((X13-1)/4)+1))&" mg)"))} | D13: {=IF(X13="","",INDEX('Inventory - P02'!$K$16:$K$27,(INT((X13-1)/4)+1))-SUMPRODUCT(($B$10:$B$61=B13)*(($I$10:$I$61<>"")+($K$10:$K$61<>"")+($M$10:$M$61<>"")+($O$10:$O$61<>"")+($Q$10:$Q$61<>"")+($S$10:$S$61<>"")+($U$10:$U$61<>""))))} | E13: {=IF(X13="","",INDEX('Inventory - P02'!$D$16:$D$27,(INT((X13-1)/4)+1)))} | F13: {=IF(X13="","",INDEX('Inventory - P02'!$E$16:$E$27,(INT((X13-1)/4)+1)))} | G13: {=IF(X13="","",INDEX('Inventory - P02'!$I$16:$I$27,(INT((X13-1)/4)+1)))} | H13: {=IF(X13="","",INDEX('Inventory - P02'!$J$16:$J$27,(INT((X13-1)/4)+1)))} | W13: =SMALL($Z$67:$Z$114,3) -> 9 | X13: =IF(W13<9,MATCH(W13,$Z$67:$Z$114,0),"")
A14: =IF(W14<9,TEXT(W14,"h:mm AM/PM"),"") | B14: =IF(X14="","",(INT((X14-1)/4)+1)) | C14: {=IF(X14="","",INDEX('Inventory - P02'!$B$16:$B$27,(INT((X14-1)/4)+1))&IF(INDEX('Inventory - P02'!$C$16:$C$27,(INT((X14-1)/4)+1))="",""," ("&INDEX('Inventory - P02'!$C$16:$C$27,(INT((X14-1)/4)+1))&" mg)"))} | D14: {=IF(X14="","",INDEX('Inventory - P02'!$K$16:$K$27,(INT((X14-1)/4)+1))-SUMPRODUCT(($B$10:$B$61=B14)*(($I$10:$I$61<>"")+($K$10:$K$61<>"")+($M$10:$M$61<>"")+($O$10:$O$61<>"")+($Q$10:$Q$61<>"")+($S$10:$S$61<>"")+($U$10:$U$61<>""))))} | E14: {=IF(X14="","",INDEX('Inventory - P02'!$D$16:$D$27,(INT((X14-1)/4)+1)))} | F14: {=IF(X14="","",INDEX('Inventory - P02'!$E$16:$E$27,(INT((X14-1)/4)+1)))} | G14: {=IF(X14="","",INDEX('Inventory - P02'!$I$16:$I$27,(INT((X14-1)/4)+1)))} | H14: {=IF(X14="","",INDEX('Inventory - P02'!$J$16:$J$27,(INT((X14-1)/4)+1)))} | W14: =SMALL($Z$67:$Z$114,4) -> 9 | X14: =IF(W14<9,MATCH(W14,$Z$67:$Z$114,0),"")
A15: =IF(W15<9,TEXT(W15,"h:mm AM/PM"),"") | B15: =IF(X15="","",(INT((X15-1)/4)+1)) | C15: {=IF(X15="","",INDEX('Inventory - P02'!$B$16:$B$27,(INT((X15-1)/4)+1))&IF(INDEX('Inventory - P02'!$C$16:$C$27,(INT((X15-1)/4)+1))="",""," ("&INDEX('Inventory - P02'!$C$16:$C$27,(INT((X15-1)/4)+1))&" mg)"))} | D15: {=IF(X15="","",INDEX('Inventory - P02'!$K$16:$K$27,(INT((X15-1)/4)+1))-SUMPRODUCT(($B$10:$B$61=B15)*(($I$10:$I$61<>"")+($K$10:$K$61<>"")+($M$10:$M$61<>"")+($O$10:$O$61<>"")+($Q$10:$Q$61<>"")+($S$10:$S$61<>"")+($U$10:$U$61<>""))))} | E15: {=IF(X15="","",INDEX('Inventory - P02'!$D$16:$D$27,(INT((X15-1)/4)+1)))} | F15: {=IF(X15="","",INDEX('Inventory - P02'!$E$16:$E$27,(INT((X15-1)/4)+1)))} | G15: {=IF(X15="","",INDEX('Inventory - P02'!$I$16:$I$27,(INT((X15-1)/4)+1)))} | H15: {=IF(X15="","",INDEX('Inventory - P02'!$J$16:$J$27,(INT((X15-1)/4)+1)))} | W15: =SMALL($Z$67:$Z$114,5) -> 9 | X15: =IF(W15<9,MATCH(W15,$Z$67:$Z$114,0),"")
A16: =IF(W16<9,TEXT(W16,"h:mm AM/PM"),"") | B16: =IF(X16="","",(INT((X16-1)/4)+1)) | C16: {=IF(X16="","",INDEX('Inventory - P02'!$B$16:$B$27,(INT((X16-1)/4)+1))&IF(INDEX('Inventory - P02'!$C$16:$C$27,(INT((X16-1)/4)+1))="",""," ("&INDEX('Inventory - P02'!$C$16:$C$27,(INT((X16-1)/4)+1))&" mg)"))} | D16: {=IF(X16="","",INDEX('Inventory - P02'!$K$16:$K$27,(INT((X16-1)/4)+1))-SUMPRODUCT(($B$10:$B$61=B16)*(($I$10:$I$61<>"")+($K$10:$K$61<>"")+($M$10:$M$61<>"")+($O$10:$O$61<>"")+($Q$10:$Q$61<>"")+($S$10:$S$61<>"")+($U$10:$U$61<>""))))} | E16: {=IF(X16="","",INDEX('Inventory - P02'!$D$16:$D$27,(INT((X16-1)/4)+1)))} | F16: {=IF(X16="","",INDEX('Inventory - P02'!$E$16:$E$27,(INT((X16-1)/4)+1)))} | G16: {=IF(X16="","",INDEX('Inventory - P02'!$I$16:$I$27,(INT((X16-1)/4)+1)))} | H16: {=IF(X16="","",INDEX('Inventory - P02'!$J$16:$J$27,(INT((X16-1)/4)+1)))} | W16: =SMALL($Z$67:$Z$114,6) -> 9 | X16: =IF(W16<9,MATCH(W16,$Z$67:$Z$114,0),"")
A17: =IF(W17<9,TEXT(W17,"h:mm AM/PM"),"") | B17: =IF(X17="","",(INT((X17-1)/4)+1)) | C17: {=IF(X17="","",INDEX('Inventory - P02'!$B$16:$B$27,(INT((X17-1)/4)+1))&IF(INDEX('Inventory - P02'!$C$16:$C$27,(INT((X17-1)/4)+1))="",""," ("&INDEX('Inventory - P02'!$C$16:$C$27,(INT((X17-1)/4)+1))&" mg)"))} | D17: {=IF(X17="","",INDEX('Inventory - P02'!$K$16:$K$27,(INT((X17-1)/4)+1))-SUMPRODUCT(($B$10:$B$61=B17)*(($I$10:$I$61<>"")+($K$10:$K$61<>"")+($M$10:$M$61<>"")+($O$10:$O$61<>"")+($Q$10:$Q$61<>"")+($S$10:$S$61<>"")+($U$10:$U$61<>""))))} | E17: {=IF(X17="","",INDEX('Inventory - P02'!$D$16:$D$27,(INT((X17-1)/4)+1)))} | F17: {=IF(X17="","",INDEX('Inventory - P02'!$E$16:$E$27,(INT((X17-1)/4)+1)))} | G17: {=IF(X17="","",INDEX('Inventory - P02'!$I$16:$I$27,(INT((X17-1)/4)+1)))} | H17: {=IF(X17="","",INDEX('Inventory - P02'!$J$16:$J$27,(INT((X17-1)/4)+1)))} | W17: =SMALL($Z$67:$Z$114,7) -> 9 | X17: =IF(W17<9,MATCH(W17,$Z$67:$Z$114,0),"")
A18: =IF(W18<9,TEXT(W18,"h:mm AM/PM"),"") | B18: =IF(X18="","",(INT((X18-1)/4)+1)) | C18: {=IF(X18="","",INDEX('Inventory - P02'!$B$16:$B$27,(INT((X18-1)/4)+1))&IF(INDEX('Inventory - P02'!$C$16:$C$27,(INT((X18-1)/4)+1))="",""," ("&INDEX('Inventory - P02'!$C$16:$C$27,(INT((X18-1)/4)+1))&" mg)"))} | D18: {=IF(X18="","",INDEX('Inventory - P02'!$K$16:$K$27,(INT((X18-1)/4)+1))-SUMPRODUCT(($B$10:$B$61=B18)*(($I$10:$I$61<>"")+($K$10:$K$61<>"")+($M$10:$M$61<>"")+($O$10:$O$61<>"")+($Q$10:$Q$61<>"")+($S$10:$S$61<>"")+($U$10:$U$61<>""))))} | E18: {=IF(X18="","",INDEX('Inventory - P02'!$D$16:$D$27,(INT((X18-1)/4)+1)))} | F18: {=IF(X18="","",INDEX('Inventory - P02'!$E$16:$E$27,(INT((X18-1)/4)+1)))} | G18: {=IF(X18="","",INDEX('Inventory - P02'!$I$16:$I$27,(INT((X18-1)/4)+1)))} | H18: {=IF(X18="","",INDEX('Inventory - P02'!$J$16:$J$27,(INT((X18-1)/4)+1)))} | W18: =SMALL($Z$67:$Z$114,8) -> 9 | X18: =IF(W18<9,MATCH(W18,$Z$67:$Z$114,0),"")
A19: =IF(W19<9,TEXT(W19,"h:mm AM/PM"),"") | B19: =IF(X19="","",(INT((X19-1)/4)+1)) | C19: {=IF(X19="","",INDEX('Inventory - P02'!$B$16:$B$27,(INT((X19-1)/4)+1))&IF(INDEX('Inventory - P02'!$C$16:$C$27,(INT((X19-1)/4)+1))="",""," ("&INDEX('Inventory - P02'!$C$16:$C$27,(INT((X19-1)/4)+1))&" mg)"))} | D19: {=IF(X19="","",INDEX('Inventory - P02'!$K$16:$K$27,(INT((X19-1)/4)+1))-SUMPRODUCT(($B$10:$B$61=B19)*(($I$10:$I$61<>"")+($K$10:$K$61<>"")+($M$10:$M$61<>"")+($O$10:$O$61<>"")+($Q$10:$Q$61<>"")+($S$10:$S$61<>"")+($U$10:$U$61<>""))))} | E19: {=IF(X19="","",INDEX('Inventory - P02'!$D$16:$D$27,(INT((X19-1)/4)+1)))} | F19: {=IF(X19="","",INDEX('Inventory - P02'!$E$16:$E$27,(INT((X19-1)/4)+1)))} | G19: {=IF(X19="","",INDEX('Inventory - P02'!$I$16:$I$27,(INT((X19-1)/4)+1)))} | H19: {=IF(X19="","",INDEX('Inventory - P02'!$J$16:$J$27,(INT((X19-1)/4)+1)))} | W19: =SMALL($Z$67:$Z$114,9) -> 9 | X19: =IF(W19<9,MATCH(W19,$Z$67:$Z$114,0),"")
A20: =IF(W20<9,TEXT(W20,"h:mm AM/PM"),"") | B20: =IF(X20="","",(INT((X20-1)/4)+1)) | C20: {=IF(X20="","",INDEX('Inventory - P02'!$B$16:$B$27,(INT((X20-1)/4)+1))&IF(INDEX('Inventory - P02'!$C$16:$C$27,(INT((X20-1)/4)+1))="",""," ("&INDEX('Inventory - P02'!$C$16:$C$27,(INT((X20-1)/4)+1))&" mg)"))} | D20: {=IF(X20="","",INDEX('Inventory - P02'!$K$16:$K$27,(INT((X20-1)/4)+1))-SUMPRODUCT(($B$10:$B$61=B20)*(($I$10:$I$61<>"")+($K$10:$K$61<>"")+($M$10:$M$61<>"")+($O$10:$O$61<>"")+($Q$10:$Q$61<>"")+($S$10:$S$61<>"")+($U$10:$U$61<>""))))} | E20: {=IF(X20="","",INDEX('Inventory - P02'!$D$16:$D$27,(INT((X20-1)/4)+1)))} | F20: {=IF(X20="","",INDEX('Inventory - P02'!$E$16:$E$27,(INT((X20-1)/4)+1)))} | G20: {=IF(X20="","",INDEX('Inventory - P02'!$I$16:$I$27,(INT((X20-1)/4)+1)))} | H20: {=IF(X20="","",INDEX('Inventory - P02'!$J$16:$J$27,(INT((X20-1)/4)+1)))} | W20: =SMALL($Z$67:$Z$114,10) -> 9 | X20: =IF(W20<9,MATCH(W20,$Z$67:$Z$114,0),"")
A21: =IF(W21<9,TEXT(W21,"h:mm AM/PM"),"") | B21: =IF(X21="","",(INT((X21-1)/4)+1)) | C21: {=IF(X21="","",INDEX('Inventory - P02'!$B$16:$B$27,(INT((X21-1)/4)+1))&IF(INDEX('Inventory - P02'!$C$16:$C$27,(INT((X21-1)/4)+1))="",""," ("&INDEX('Inventory - P02'!$C$16:$C$27,(INT((X21-1)/4)+1))&" mg)"))} | D21: {=IF(X21="","",INDEX('Inventory - P02'!$K$16:$K$27,(INT((X21-1)/4)+1))-SUMPRODUCT(($B$10:$B$61=B21)*(($I$10:$I$61<>"")+($K$10:$K$61<>"")+($M$10:$M$61<>"")+($O$10:$O$61<>"")+($Q$10:$Q$61<>"")+($S$10:$S$61<>"")+($U$10:$U$61<>""))))} | E21: {=IF(X21="","",INDEX('Inventory - P02'!$D$16:$D$27,(INT((X21-1)/4)+1)))} | F21: {=IF(X21="","",INDEX('Inventory - P02'!$E$16:$E$27,(INT((X21-1)/4)+1)))} | G21: {=IF(X21="","",INDEX('Inventory - P02'!$I$16:$I$27,(INT((X21-1)/4)+1)))} | H21: {=IF(X21="","",INDEX('Inventory - P02'!$J$16:$J$27,(INT((X21-1)/4)+1)))} | W21: =SMALL($Z$67:$Z$114,11) -> 9 | X21: =IF(W21<9,MATCH(W21,$Z$67:$Z$114,0),"")
A22: =IF(W22<9,TEXT(W22,"h:mm AM/PM"),"") | B22: =IF(X22="","",(INT((X22-1)/4)+1)) | C22: {=IF(X22="","",INDEX('Inventory - P02'!$B$16:$B$27,(INT((X22-1)/4)+1))&IF(INDEX('Inventory - P02'!$C$16:$C$27,(INT((X22-1)/4)+1))="",""," ("&INDEX('Inventory - P02'!$C$16:$C$27,(INT((X22-1)/4)+1))&" mg)"))} | D22: {=IF(X22="","",INDEX('Inventory - P02'!$K$16:$K$27,(INT((X22-1)/4)+1))-SUMPRODUCT(($B$10:$B$61=B22)*(($I$10:$I$61<>"")+($K$10:$K$61<>"")+($M$10:$M$61<>"")+($O$10:$O$61<>"")+($Q$10:$Q$61<>"")+($S$10:$S$61<>"")+($U$10:$U$61<>""))))} | E22: {=IF(X22="","",INDEX('Inventory - P02'!$D$16:$D$27,(INT((X22-1)/4)+1)))} | F22: {=IF(X22="","",INDEX('Inventory - P02'!$E$16:$E$27,(INT((X22-1)/4)+1)))} | G22: {=IF(X22="","",INDEX('Inventory - P02'!$I$16:$I$27,(INT((X22-1)/4)+1)))} | H22: {=IF(X22="","",INDEX('Inventory - P02'!$J$16:$J$27,(INT((X22-1)/4)+1)))} | W22: =SMALL($Z$67:$Z$114,12) -> 9 | X22: =IF(W22<9,MATCH(W22,$Z$67:$Z$114,0),"")
A23: Time Slot 2 (12 PM–4 PM)
A24: =IF(W24<9,TEXT(W24,"h:mm AM/PM"),"") | B24: =IF(X24="","",(INT((X24-1)/4)+1)) | C24: {=IF(X24="","",INDEX('Inventory - P02'!$B$16:$B$27,(INT((X24-1)/4)+1))&IF(INDEX('Inventory - P02'!$C$16:$C$27,(INT((X24-1)/4)+1))="",""," ("&INDEX('Inventory - P02'!$C$16:$C$27,(INT((X24-1)/4)+1))&" mg)"))} | D24: {=IF(X24="","",INDEX('Inventory - P02'!$K$16:$K$27,(INT((X24-1)/4)+1))-SUMPRODUCT(($B$10:$B$61=B24)*(($I$10:$I$61<>"")+($K$10:$K$61<>"")+($M$10:$M$61<>"")+($O$10:$O$61<>"")+($Q$10:$Q$61<>"")+($S$10:$S$61<>"")+($U$10:$U$61<>""))))} | E24: {=IF(X24="","",INDEX('Inventory - P02'!$D$16:$D$27,(INT((X24-1)/4)+1)))} | F24: {=IF(X24="","",INDEX('Inventory - P02'!$E$16:$E$27,(INT((X24-1)/4)+1)))} | G24: {=IF(X24="","",INDEX('Inventory - P02'!$I$16:$I$27,(INT((X24-1)/4)+1)))} | H24: {=IF(X24="","",INDEX('Inventory - P02'!$J$16:$J$27,(INT((X24-1)/4)+1)))} | W24: =SMALL($AA$67:$AA$114,1) -> 9 | X24: =IF(W24<9,MATCH(W24,$AA$67:$AA$114,0),"")
A25: =IF(W25<9,TEXT(W25,"h:mm AM/PM"),"") | B25: =IF(X25="","",(INT((X25-1)/4)+1)) | C25: {=IF(X25="","",INDEX('Inventory - P02'!$B$16:$B$27,(INT((X25-1)/4)+1))&IF(INDEX('Inventory - P02'!$C$16:$C$27,(INT((X25-1)/4)+1))="",""," ("&INDEX('Inventory - P02'!$C$16:$C$27,(INT((X25-1)/4)+1))&" mg)"))} | D25: {=IF(X25="","",INDEX('Inventory - P02'!$K$16:$K$27,(INT((X25-1)/4)+1))-SUMPRODUCT(($B$10:$B$61=B25)*(($I$10:$I$61<>"")+($K$10:$K$61<>"")+($M$10:$M$61<>"")+($O$10:$O$61<>"")+($Q$10:$Q$61<>"")+($S$10:$S$61<>"")+($U$10:$U$61<>""))))} | E25: {=IF(X25="","",INDEX('Inventory - P02'!$D$16:$D$27,(INT((X25-1)/4)+1)))} | F25: {=IF(X25="","",INDEX('Inventory - P02'!$E$16:$E$27,(INT((X25-1)/4)+1)))} | G25: {=IF(X25="","",INDEX('Inventory - P02'!$I$16:$I$27,(INT((X25-1)/4)+1)))} | H25: {=IF(X25="","",INDEX('Inventory - P02'!$J$16:$J$27,(INT((X25-1)/4)+1)))} | W25: =SMALL($AA$67:$AA$114,2) -> 9 | X25: =IF(W25<9,MATCH(W25,$AA$67:$AA$114,0),"")
A26: =IF(W26<9,TEXT(W26,"h:mm AM/PM"),"") | B26: =IF(X26="","",(INT((X26-1)/4)+1)) | C26: {=IF(X26="","",INDEX('Inventory - P02'!$B$16:$B$27,(INT((X26-1)/4)+1))&IF(INDEX('Inventory - P02'!$C$16:$C$27,(INT((X26-1)/4)+1))="",""," ("&INDEX('Inventory - P02'!$C$16:$C$27,(INT((X26-1)/4)+1))&" mg)"))} | D26: {=IF(X26="","",INDEX('Inventory - P02'!$K$16:$K$27,(INT((X26-1)/4)+1))-SUMPRODUCT(($B$10:$B$61=B26)*(($I$10:$I$61<>"")+($K$10:$K$61<>"")+($M$10:$M$61<>"")+($O$10:$O$61<>"")+($Q$10:$Q$61<>"")+($S$10:$S$61<>"")+($U$10:$U$61<>""))))} | E26: {=IF(X26="","",INDEX('Inventory - P02'!$D$16:$D$27,(INT((X26-1)/4)+1)))} | F26: {=IF(X26="","",INDEX('Inventory - P02'!$E$16:$E$27,(INT((X26-1)/4)+1)))} | G26: {=IF(X26="","",INDEX('Inventory - P02'!$I$16:$I$27,(INT((X26-1)/4)+1)))} | H26: {=IF(X26="","",INDEX('Inventory - P02'!$J$16:$J$27,(INT((X26-1)/4)+1)))} | W26: =SMALL($AA$67:$AA$114,3) -> 9 | X26: =IF(W26<9,MATCH(W26,$AA$67:$AA$114,0),"")
A27: =IF(W27<9,TEXT(W27,"h:mm AM/PM"),"") | B27: =IF(X27="","",(INT((X27-1)/4)+1)) | C27: {=IF(X27="","",INDEX('Inventory - P02'!$B$16:$B$27,(INT((X27-1)/4)+1))&IF(INDEX('Inventory - P02'!$C$16:$C$27,(INT((X27-1)/4)+1))="",""," ("&INDEX('Inventory - P02'!$C$16:$C$27,(INT((X27-1)/4)+1))&" mg)"))} | D27: {=IF(X27="","",INDEX('Inventory - P02'!$K$16:$K$27,(INT((X27-1)/4)+1))-SUMPRODUCT(($B$10:$B$61=B27)*(($I$10:$I$61<>"")+($K$10:$K$61<>"")+($M$10:$M$61<>"")+($O$10:$O$61<>"")+($Q$10:$Q$61<>"")+($S$10:$S$61<>"")+($U$10:$U$61<>""))))} | E27: {=IF(X27="","",INDEX('Inventory - P02'!$D$16:$D$27,(INT((X27-1)/4)+1)))} | F27: {=IF(X27="","",INDEX('Inventory - P02'!$E$16:$E$27,(INT((X27-1)/4)+1)))} | G27: {=IF(X27="","",INDEX('Inventory - P02'!$I$16:$I$27,(INT((X27-1)/4)+1)))} | H27: {=IF(X27="","",INDEX('Inventory - P02'!$J$16:$J$27,(INT((X27-1)/4)+1)))} | W27: =SMALL($AA$67:$AA$114,4) -> 9 | X27: =IF(W27<9,MATCH(W27,$AA$67:$AA$114,0),"")
A28: =IF(W28<9,TEXT(W28,"h:mm AM/PM"),"") | B28: =IF(X28="","",(INT((X28-1)/4)+1)) | C28: {=IF(X28="","",INDEX('Inventory - P02'!$B$16:$B$27,(INT((X28-1)/4)+1))&IF(INDEX('Inventory - P02'!$C$16:$C$27,(INT((X28-1)/4)+1))="",""," ("&INDEX('Inventory - P02'!$C$16:$C$27,(INT((X28-1)/4)+1))&" mg)"))} | D28: {=IF(X28="","",INDEX('Inventory - P02'!$K$16:$K$27,(INT((X28-1)/4)+1))-SUMPRODUCT(($B$10:$B$61=B28)*(($I$10:$I$61<>"")+($K$10:$K$61<>"")+($M$10:$M$61<>"")+($O$10:$O$61<>"")+($Q$10:$Q$61<>"")+($S$10:$S$61<>"")+($U$10:$U$61<>""))))} | E28: {=IF(X28="","",INDEX('Inventory - P02'!$D$16:$D$27,(INT((X28-1)/4)+1)))} | F28: {=IF(X28="","",INDEX('Inventory - P02'!$E$16:$E$27,(INT((X28-1)/4)+1)))} | G28: {=IF(X28="","",INDEX('Inventory - P02'!$I$16:$I$27,(INT((X28-1)/4)+1)))} | H28: {=IF(X28="","",INDEX('Inventory - P02'!$J$16:$J$27,(INT((X28-1)/4)+1)))} | W28: =SMALL($AA$67:$AA$114,5) -> 9 | X28: =IF(W28<9,MATCH(W28,$AA$67:$AA$114,0),"")
A29: =IF(W29<9,TEXT(W29,"h:mm AM/PM"),"") | B29: =IF(X29="","",(INT((X29-1)/4)+1)) | C29: {=IF(X29="","",INDEX('Inventory - P02'!$B$16:$B$27,(INT((X29-1)/4)+1))&IF(INDEX('Inventory - P02'!$C$16:$C$27,(INT((X29-1)/4)+1))="",""," ("&INDEX('Inventory - P02'!$C$16:$C$27,(INT((X29-1)/4)+1))&" mg)"))} | D29: {=IF(X29="","",INDEX('Inventory - P02'!$K$16:$K$27,(INT((X29-1)/4)+1))-SUMPRODUCT(($B$10:$B$61=B29)*(($I$10:$I$61<>"")+($K$10:$K$61<>"")+($M$10:$M$61<>"")+($O$10:$O$61<>"")+($Q$10:$Q$61<>"")+($S$10:$S$61<>"")+($U$10:$U$61<>""))))} | E29: {=IF(X29="","",INDEX('Inventory - P02'!$D$16:$D$27,(INT((X29-1)/4)+1)))} | F29: {=IF(X29="","",INDEX('Inventory - P02'!$E$16:$E$27,(INT((X29-1)/4)+1)))} | G29: {=IF(X29="","",INDEX('Inventory - P02'!$I$16:$I$27,(INT((X29-1)/4)+1)))} | H29: {=IF(X29="","",INDEX('Inventory - P02'!$J$16:$J$27,(INT((X29-1)/4)+1)))} | W29: =SMALL($AA$67:$AA$114,6) -> 9 | X29: =IF(W29<9,MATCH(W29,$AA$67:$AA$114,0),"")
A30: =IF(W30<9,TEXT(W30,"h:mm AM/PM"),"") | B30: =IF(X30="","",(INT((X30-1)/4)+1)) | C30: {=IF(X30="","",INDEX('Inventory - P02'!$B$16:$B$27,(INT((X30-1)/4)+1))&IF(INDEX('Inventory - P02'!$C$16:$C$27,(INT((X30-1)/4)+1))="",""," ("&INDEX('Inventory - P02'!$C$16:$C$27,(INT((X30-1)/4)+1))&" mg)"))} | D30: {=IF(X30="","",INDEX('Inventory - P02'!$K$16:$K$27,(INT((X30-1)/4)+1))-SUMPRODUCT(($B$10:$B$61=B30)*(($I$10:$I$61<>"")+($K$10:$K$61<>"")+($M$10:$M$61<>"")+($O$10:$O$61<>"")+($Q$10:$Q$61<>"")+($S$10:$S$61<>"")+($U$10:$U$61<>""))))} | E30: {=IF(X30="","",INDEX('Inventory - P02'!$D$16:$D$27,(INT((X30-1)/4)+1)))} | F30: {=IF(X30="","",INDEX('Inventory - P02'!$E$16:$E$27,(INT((X30-1)/4)+1)))} | G30: {=IF(X30="","",INDEX('Inventory - P02'!$I$16:$I$27,(INT((X30-1)/4)+1)))} | H30: {=IF(X30="","",INDEX('Inventory - P02'!$J$16:$J$27,(INT((X30-1)/4)+1)))} | W30: =SMALL($AA$67:$AA$114,7) -> 9 | X30: =IF(W30<9,MATCH(W30,$AA$67:$AA$114,0),"")
A31: =IF(W31<9,TEXT(W31,"h:mm AM/PM"),"") | B31: =IF(X31="","",(INT((X31-1)/4)+1)) | C31: {=IF(X31="","",INDEX('Inventory - P02'!$B$16:$B$27,(INT((X31-1)/4)+1))&IF(INDEX('Inventory - P02'!$C$16:$C$27,(INT((X31-1)/4)+1))="",""," ("&INDEX('Inventory - P02'!$C$16:$C$27,(INT((X31-1)/4)+1))&" mg)"))} | D31: {=IF(X31="","",INDEX('Inventory - P02'!$K$16:$K$27,(INT((X31-1)/4)+1))-SUMPRODUCT(($B$10:$B$61=B31)*(($I$10:$I$61<>"")+($K$10:$K$61<>"")+($M$10:$M$61<>"")+($O$10:$O$61<>"")+($Q$10:$Q$61<>"")+($S$10:$S$61<>"")+($U$10:$U$61<>""))))} | E31: {=IF(X31="","",INDEX('Inventory - P02'!$D$16:$D$27,(INT((X31-1)/4)+1)))} | F31: {=IF(X31="","",INDEX('Inventory - P02'!$E$16:$E$27,(INT((X31-1)/4)+1)))} | G31: {=IF(X31="","",INDEX('Inventory - P02'!$I$16:$I$27,(INT((X31-1)/4)+1)))} | H31: {=IF(X31="","",INDEX('Inventory - P02'!$J$16:$J$27,(INT((X31-1)/4)+1)))} | W31: =SMALL($AA$67:$AA$114,8) -> 9 | X31: =IF(W31<9,MATCH(W31,$AA$67:$AA$114,0),"")
A32: =IF(W32<9,TEXT(W32,"h:mm AM/PM"),"") | B32: =IF(X32="","",(INT((X32-1)/4)+1)) | C32: {=IF(X32="","",INDEX('Inventory - P02'!$B$16:$B$27,(INT((X32-1)/4)+1))&IF(INDEX('Inventory - P02'!$C$16:$C$27,(INT((X32-1)/4)+1))="",""," ("&INDEX('Inventory - P02'!$C$16:$C$27,(INT((X32-1)/4)+1))&" mg)"))} | D32: {=IF(X32="","",INDEX('Inventory - P02'!$K$16:$K$27,(INT((X32-1)/4)+1))-SUMPRODUCT(($B$10:$B$61=B32)*(($I$10:$I$61<>"")+($K$10:$K$61<>"")+($M$10:$M$61<>"")+($O$10:$O$61<>"")+($Q$10:$Q$61<>"")+($S$10:$S$61<>"")+($U$10:$U$61<>""))))} | E32: {=IF(X32="","",INDEX('Inventory - P02'!$D$16:$D$27,(INT((X32-1)/4)+1)))} | F32: {=IF(X32="","",INDEX('Inventory - P02'!$E$16:$E$27,(INT((X32-1)/4)+1)))} | G32: {=IF(X32="","",INDEX('Inventory - P02'!$I$16:$I$27,(INT((X32-1)/4)+1)))} | H32: {=IF(X32="","",INDEX('Inventory - P02'!$J$16:$J$27,(INT((X32-1)/4)+1)))} | W32: =SMALL($AA$67:$AA$114,9) -> 9 | X32: =IF(W32<9,MATCH(W32,$AA$67:$AA$114,0),"")
A33: =IF(W33<9,TEXT(W33,"h:mm AM/PM"),"") | B33: =IF(X33="","",(INT((X33-1)/4)+1)) | C33: {=IF(X33="","",INDEX('Inventory - P02'!$B$16:$B$27,(INT((X33-1)/4)+1))&IF(INDEX('Inventory - P02'!$C$16:$C$27,(INT((X33-1)/4)+1))="",""," ("&INDEX('Inventory - P02'!$C$16:$C$27,(INT((X33-1)/4)+1))&" mg)"))} | D33: {=IF(X33="","",INDEX('Inventory - P02'!$K$16:$K$27,(INT((X33-1)/4)+1))-SUMPRODUCT(($B$10:$B$61=B33)*(($I$10:$I$61<>"")+($K$10:$K$61<>"")+($M$10:$M$61<>"")+($O$10:$O$61<>"")+($Q$10:$Q$61<>"")+($S$10:$S$61<>"")+($U$10:$U$61<>""))))} | E33: {=IF(X33="","",INDEX('Inventory - P02'!$D$16:$D$27,(INT((X33-1)/4)+1)))} | F33: {=IF(X33="","",INDEX('Inventory - P02'!$E$16:$E$27,(INT((X33-1)/4)+1)))} | G33: {=IF(X33="","",INDEX('Inventory - P02'!$I$16:$I$27,(INT((X33-1)/4)+1)))} | H33: {=IF(X33="","",INDEX('Inventory - P02'!$J$16:$J$27,(INT((X33-1)/4)+1)))} | W33: =SMALL($AA$67:$AA$114,10) -> 9 | X33: =IF(W33<9,MATCH(W33,$AA$67:$AA$114,0),"")
A34: =IF(W34<9,TEXT(W34,"h:mm AM/PM"),"") | B34: =IF(X34="","",(INT((X34-1)/4)+1)) | C34: {=IF(X34="","",INDEX('Inventory - P02'!$B$16:$B$27,(INT((X34-1)/4)+1))&IF(INDEX('Inventory - P02'!$C$16:$C$27,(INT((X34-1)/4)+1))="",""," ("&INDEX('Inventory - P02'!$C$16:$C$27,(INT((X34-1)/4)+1))&" mg)"))} | D34: {=IF(X34="","",INDEX('Inventory - P02'!$K$16:$K$27,(INT((X34-1)/4)+1))-SUMPRODUCT(($B$10:$B$61=B34)*(($I$10:$I$61<>"")+($K$10:$K$61<>"")+($M$10:$M$61<>"")+($O$10:$O$61<>"")+($Q$10:$Q$61<>"")+($S$10:$S$61<>"")+($U$10:$U$61<>""))))} | E34: {=IF(X34="","",INDEX('Inventory - P02'!$D$16:$D$27,(INT((X34-1)/4)+1)))} | F34: {=IF(X34="","",INDEX('Inventory - P02'!$E$16:$E$27,(INT((X34-1)/4)+1)))} | G34: {=IF(X34="","",INDEX('Inventory - P02'!$I$16:$I$27,(INT((X34-1)/4)+1)))} | H34: {=IF(X34="","",INDEX('Inventory - P02'!$J$16:$J$27,(INT((X34-1)/4)+1)))} | W34: =SMALL($AA$67:$AA$114,11) -> 9 | X34: =IF(W34<9,MATCH(W34,$AA$67:$AA$114,0),"")
A35: =IF(W35<9,TEXT(W35,"h:mm AM/PM"),"") | B35: =IF(X35="","",(INT((X35-1)/4)+1)) | C35: {=IF(X35="","",INDEX('Inventory - P02'!$B$16:$B$27,(INT((X35-1)/4)+1))&IF(INDEX('Inventory - P02'!$C$16:$C$27,(INT((X35-1)/4)+1))="",""," ("&INDEX('Inventory - P02'!$C$16:$C$27,(INT((X35-1)/4)+1))&" mg)"))} | D35: {=IF(X35="","",INDEX('Inventory - P02'!$K$16:$K$27,(INT((X35-1)/4)+1))-SUMPRODUCT(($B$10:$B$61=B35)*(($I$10:$I$61<>"")+($K$10:$K$61<>"")+($M$10:$M$61<>"")+($O$10:$O$61<>"")+($Q$10:$Q$61<>"")+($S$10:$S$61<>"")+($U$10:$U$61<>""))))} | E35: {=IF(X35="","",INDEX('Inventory - P02'!$D$16:$D$27,(INT((X35-1)/4)+1)))} | F35: {=IF(X35="","",INDEX('Inventory - P02'!$E$16:$E$27,(INT((X35-1)/4)+1)))} | G35: {=IF(X35="","",INDEX('Inventory - P02'!$I$16:$I$27,(INT((X35-1)/4)+1)))} | H35: {=IF(X35="","",INDEX('Inventory - P02'!$J$16:$J$27,(INT((X35-1)/4)+1)))} | W35: =SMALL($AA$67:$AA$114,12) -> 9 | X35: =IF(W35<9,MATCH(W35,$AA$67:$AA$114,0),"")
A36: Time Slot 3 (5 PM–7 PM)
A37: =IF(W37<9,TEXT(W37,"h:mm AM/PM"),"") | B37: =IF(X37="","",(INT((X37-1)/4)+1)) | C37: {=IF(X37="","",INDEX('Inventory - P02'!$B$16:$B$27,(INT((X37-1)/4)+1))&IF(INDEX('Inventory - P02'!$C$16:$C$27,(INT((X37-1)/4)+1))="",""," ("&INDEX('Inventory - P02'!$C$16:$C$27,(INT((X37-1)/4)+1))&" mg)"))} | D37: {=IF(X37="","",INDEX('Inventory - P02'!$K$16:$K$27,(INT((X37-1)/4)+1))-SUMPRODUCT(($B$10:$B$61=B37)*(($I$10:$I$61<>"")+($K$10:$K$61<>"")+($M$10:$M$61<>"")+($O$10:$O$61<>"")+($Q$10:$Q$61<>"")+($S$10:$S$61<>"")+($U$10:$U$61<>""))))} | E37: {=IF(X37="","",INDEX('Inventory - P02'!$D$16:$D$27,(INT((X37-1)/4)+1)))} | F37: {=IF(X37="","",INDEX('Inventory - P02'!$E$16:$E$27,(INT((X37-1)/4)+1)))} | G37: {=IF(X37="","",INDEX('Inventory - P02'!$I$16:$I$27,(INT((X37-1)/4)+1)))} | H37: {=IF(X37="","",INDEX('Inventory - P02'!$J$16:$J$27,(INT((X37-1)/4)+1)))} | W37: =SMALL($AB$67:$AB$114,1) -> 9 | X37: =IF(W37<9,MATCH(W37,$AB$67:$AB$114,0),"")
A38: =IF(W38<9,TEXT(W38,"h:mm AM/PM"),"") | B38: =IF(X38="","",(INT((X38-1)/4)+1)) | C38: {=IF(X38="","",INDEX('Inventory - P02'!$B$16:$B$27,(INT((X38-1)/4)+1))&IF(INDEX('Inventory - P02'!$C$16:$C$27,(INT((X38-1)/4)+1))="",""," ("&INDEX('Inventory - P02'!$C$16:$C$27,(INT((X38-1)/4)+1))&" mg)"))} | D38: {=IF(X38="","",INDEX('Inventory - P02'!$K$16:$K$27,(INT((X38-1)/4)+1))-SUMPRODUCT(($B$10:$B$61=B38)*(($I$10:$I$61<>"")+($K$10:$K$61<>"")+($M$10:$M$61<>"")+($O$10:$O$61<>"")+($Q$10:$Q$61<>"")+($S$10:$S$61<>"")+($U$10:$U$61<>""))))} | E38: {=IF(X38="","",INDEX('Inventory - P02'!$D$16:$D$27,(INT((X38-1)/4)+1)))} | F38: {=IF(X38="","",INDEX('Inventory - P02'!$E$16:$E$27,(INT((X38-1)/4)+1)))} | G38: {=IF(X38="","",INDEX('Inventory - P02'!$I$16:$I$27,(INT((X38-1)/4)+1)))} | H38: {=IF(X38="","",INDEX('Inventory - P02'!$J$16:$J$27,(INT((X38-1)/4)+1)))} | W38: =SMALL($AB$67:$AB$114,2) -> 9 | X38: =IF(W38<9,MATCH(W38,$AB$67:$AB$114,0),"")
A39: =IF(W39<9,TEXT(W39,"h:mm AM/PM"),"") | B39: =IF(X39="","",(INT((X39-1)/4)+1)) | C39: {=IF(X39="","",INDEX('Inventory - P02'!$B$16:$B$27,(INT((X39-1)/4)+1))&IF(INDEX('Inventory - P02'!$C$16:$C$27,(INT((X39-1)/4)+1))="",""," ("&INDEX('Inventory - P02'!$C$16:$C$27,(INT((X39-1)/4)+1))&" mg)"))} | D39: {=IF(X39="","",INDEX('Inventory - P02'!$K$16:$K$27,(INT((X39-1)/4)+1))-SUMPRODUCT(($B$10:$B$61=B39)*(($I$10:$I$61<>"")+($K$10:$K$61<>"")+($M$10:$M$61<>"")+($O$10:$O$61<>"")+($Q$10:$Q$61<>"")+($S$10:$S$61<>"")+($U$10:$U$61<>""))))} | E39: {=IF(X39="","",INDEX('Inventory - P02'!$D$16:$D$27,(INT((X39-1)/4)+1)))} | F39: {=IF(X39="","",INDEX('Inventory - P02'!$E$16:$E$27,(INT((X39-1)/4)+1)))} | G39: {=IF(X39="","",INDEX('Inventory - P02'!$I$16:$I$27,(INT((X39-1)/4)+1)))} | H39: {=IF(X39="","",INDEX('Inventory - P02'!$J$16:$J$27,(INT((X39-1)/4)+1)))} | W39: =SMALL($AB$67:$AB$114,3) -> 9 | X39: =IF(W39<9,MATCH(W39,$AB$67:$AB$114,0),"")
A40: =IF(W40<9,TEXT(W40,"h:mm AM/PM"),"") | B40: =IF(X40="","",(INT((X40-1)/4)+1)) | C40: {=IF(X40="","",INDEX('Inventory - P02'!$B$16:$B$27,(INT((X40-1)/4)+1))&IF(INDEX('Inventory - P02'!$C$16:$C$27,(INT((X40-1)/4)+1))="",""," ("&INDEX('Inventory - P02'!$C$16:$C$27,(INT((X40-1)/4)+1))&" mg)"))} | D40: {=IF(X40="","",INDEX('Inventory - P02'!$K$16:$K$27,(INT((X40-1)/4)+1))-SUMPRODUCT(($B$10:$B$61=B40)*(($I$10:$I$61<>"")+($K$10:$K$61<>"")+($M$10:$M$61<>"")+($O$10:$O$61<>"")+($Q$10:$Q$61<>"")+($S$10:$S$61<>"")+($U$10:$U$61<>""))))} | E40: {=IF(X40="","",INDEX('Inventory - P02'!$D$16:$D$27,(INT((X40-1)/4)+1)))} | F40: {=IF(X40="","",INDEX('Inventory - P02'!$E$16:$E$27,(INT((X40-1)/4)+1)))} | G40: {=IF(X40="","",INDEX('Inventory - P02'!$I$16:$I$27,(INT((X40-1)/4)+1)))} | H40: {=IF(X40="","",INDEX('Inventory - P02'!$J$16:$J$27,(INT((X40-1)/4)+1)))} | W40: =SMALL($AB$67:$AB$114,4) -> 9 | X40: =IF(W40<9,MATCH(W40,$AB$67:$AB$114,0),"")
